company,timestamp,numberOfRecipients,numberOfCCs,numberOfBCCs,recipientType,lengthOfThread,responseTime,titleTone,titleLength,messageTone,messageLength,recipientRoleLevel,employeeID
InspireTech Inc.,2024-11-02T21:00:00,6,5,0,internal,4,2959,positive,15,neutral,50,same,E001
InspireTech Inc.,2024-11-02T14:00:00,3,1,0,internal,7,4711,positive,10,aggressive,200,same,E001
InspireTech Inc.,2024-11-02T10:00:00,6,5,0,external,1,6976,neutral,20,threatening,160,same,E001
InspireTech Inc.,2024-11-01T09:00:00,1,0,0,internal,3,6717,negative,10,threatening,200,same,E001
InspireTech Inc.,2024-11-01T10:00:00,1,0,0,external,2,5071,negative,20,serious,110,same,E001
InspireTech Inc.,2024-11-01T15:00:00,7,4,1,internal,7,1968,negative,10,neutral,70,same,E001
InspireTech Inc.,2024-11-02T19:00:00,4,2,1,internal,4,1720,negative,5,informative,190,same,E001
InspireTech Inc.,2024-11-01T11:00:00,5,2,2,external,2,2188,neutral,10,invitation,140,same,E001
InspireTech Inc.,2024-11-01T22:00:00,9,1,1,internal,7,2325,positive,10,informative,100,same,E001
InspireTech Inc.,2024-11-02T10:00:00,2,1,0,external,6,1181,positive,10,aggressive,10,same,E001
InspireTech Inc.,2024-11-02T21:00:00,2,0,0,internal,1,4851,neutral,10,serious,10,same,E001
InspireTech Inc.,2024-11-02T18:00:00,3,0,1,internal,4,744,positive,5,aggressive,100,same,E001
InspireTech Inc.,2024-11-01T11:00:00,3,0,1,internal,8,4894,positive,10,aggressive,80,same,E001
InspireTech Inc.,2024-11-01T08:00:00,4,3,0,internal,1,5554,negative,20,serious,100,same,E001
InspireTech Inc.,2024-11-02T02:00:00,8,2,1,external,7,6095,neutral,5,informative,80,same,E001
InspireTech Inc.,2024-11-01T02:00:00,8,5,0,external,5,3493,positive,5,aggressive,180,same,E001
InspireTech Inc.,2024-11-02T17:00:00,7,4,0,internal,4,6177,positive,20,invitation,80,same,E001
InspireTech Inc.,2024-11-01T22:00:00,9,0,3,external,4,5480,negative,20,aggressive,40,same,E001
InspireTech Inc.,2024-11-01T01:00:00,10,2,2,internal,10,5902,neutral,15,informative,60,same,E001
InspireTech Inc.,2024-11-01T06:00:00,9,0,0,internal,4,4623,negative,10,invitation,50,same,E001
InspireTech Inc.,2024-11-02T19:00:00,5,1,2,internal,10,4346,negative,5,neutral,60,same,E001
InspireTech Inc.,2024-11-02T00:00:00,4,3,0,internal,4,4048,negative,5,serious,150,same,E001
InspireTech Inc.,2024-11-02T10:00:00,1,0,0,internal,7,4856,neutral,5,concerned,60,same,E001
InspireTech Inc.,2024-11-02T17:00:00,7,2,2,internal,3,2347,positive,5,informative,160,same,E001
InspireTech Inc.,2024-11-01T04:00:00,4,0,3,external,5,3064,neutral,10,aggressive,170,same,E001
InspireTech Inc.,2024-11-01T06:00:00,6,3,2,external,7,651,negative,10,invitation,180,same,E001
InspireTech Inc.,2024-11-02T21:00:00,7,0,0,external,7,5169,neutral,5,neutral,150,same,E001
InspireTech Inc.,2024-11-02T00:00:00,9,0,1,external,8,4790,positive,10,serious,130,same,E001
InspireTech Inc.,2024-11-01T16:00:00,8,5,2,internal,4,3033,negative,5,informative,140,same,E001
InspireTech Inc.,2024-11-01T06:00:00,4,1,0,external,3,5173,positive,20,serious,200,same,E001
InspireTech Inc.,2024-11-01T04:00:00,5,4,0,internal,5,168,positive,10,neutral,80,same,E001
InspireTech Inc.,2024-11-02T15:00:00,4,0,1,internal,4,2140,neutral,20,funny,50,same,E001
InspireTech Inc.,2024-11-01T03:00:00,8,1,3,internal,4,3588,negative,15,informative,70,same,E001
InspireTech Inc.,2024-11-01T11:00:00,5,4,0,external,4,4732,neutral,20,funny,10,same,E001
InspireTech Inc.,2024-11-01T19:00:00,10,4,1,internal,10,5937,neutral,5,informative,120,same,E001
InspireTech Inc.,2024-11-01T17:00:00,3,1,1,internal,4,365,neutral,10,funny,60,same,E001
InspireTech Inc.,2024-11-02T16:00:00,8,4,2,internal,10,2601,negative,10,neutral,120,same,E001
InspireTech Inc.,2024-11-01T20:00:00,10,1,2,internal,7,3517,negative,10,serious,70,same,E001
InspireTech Inc.,2024-11-02T07:00:00,7,3,2,external,7,3364,neutral,15,invitation,120,same,E001
InspireTech Inc.,2024-11-02T15:00:00,9,4,3,external,2,4811,positive,20,informative,20,same,E001
InspireTech Inc.,2024-11-02T19:00:00,7,1,1,internal,10,5239,neutral,15,informative,110,same,E001
InspireTech Inc.,2024-11-02T12:00:00,7,1,0,internal,8,5365,neutral,5,aggressive,70,same,E001
InspireTech Inc.,2024-11-01T03:00:00,6,4,1,internal,2,621,positive,20,funny,130,same,E001
InspireTech Inc.,2024-11-01T17:00:00,8,1,3,external,5,1572,neutral,10,informative,20,same,E001
InspireTech Inc.,2024-11-02T03:00:00,6,0,2,external,9,1127,positive,10,informative,50,same,E001
InspireTech Inc.,2024-11-02T03:00:00,1,0,0,external,6,2632,negative,10,neutral,100,same,E001
InspireTech Inc.,2024-11-02T18:00:00,10,4,1,internal,3,6457,positive,10,concerned,50,same,E001
InspireTech Inc.,2024-11-02T08:00:00,5,4,0,internal,5,3965,negative,15,serious,60,same,E001
InspireTech Inc.,2024-11-01T04:00:00,9,0,0,internal,3,3673,negative,10,concerned,120,same,E001
InspireTech Inc.,2024-11-02T23:00:00,4,0,3,external,1,879,neutral,5,funny,80,same,E001
InspireTech Inc.,2024-11-01T01:00:00,10,0,0,internal,2,4676,neutral,10,invitation,50,same,E001
InspireTech Inc.,2024-11-02T07:00:00,3,0,1,internal,5,2534,positive,5,concerned,180,same,E001
InspireTech Inc.,2024-11-02T19:00:00,5,0,2,external,4,6495,neutral,15,invitation,50,same,E001
InspireTech Inc.,2024-11-03T00:00:00,1,0,0,internal,4,5795,neutral,5,threatening,160,same,E001
InspireTech Inc.,2024-11-02T12:00:00,1,0,0,internal,5,1848,negative,20,invitation,170,same,E001
InspireTech Inc.,2024-11-01T18:00:00,3,2,0,internal,1,588,negative,15,serious,180,same,E001
InspireTech Inc.,2024-11-01T16:00:00,4,3,0,external,5,5908,negative,10,neutral,150,same,E001
InspireTech Inc.,2024-11-02T17:00:00,4,1,2,internal,4,3709,positive,20,funny,90,same,E001
InspireTech Inc.,2024-11-01T16:00:00,1,0,0,internal,7,3375,neutral,5,serious,170,same,E001
InspireTech Inc.,2024-11-01T08:00:00,1,0,0,internal,9,4023,negative,5,concerned,140,same,E001
InspireTech Inc.,2024-11-02T05:00:00,6,3,0,internal,2,4254,positive,10,funny,90,same,E001
InspireTech Inc.,2024-11-01T13:00:00,4,3,0,external,1,2845,positive,20,informative,160,same,E001
InspireTech Inc.,2024-11-02T07:00:00,4,2,0,external,7,5247,positive,5,neutral,180,same,E001
InspireTech Inc.,2024-11-01T18:00:00,3,2,0,internal,10,1976,positive,5,neutral,60,same,E001
InspireTech Inc.,2024-11-01T21:00:00,4,1,1,external,2,4000,positive,20,funny,140,same,E001
InspireTech Inc.,2024-11-01T22:00:00,3,0,0,external,6,1782,negative,5,informative,50,same,E001
InspireTech Inc.,2024-11-01T18:00:00,6,2,2,internal,5,4307,neutral,15,serious,160,same,E001
InspireTech Inc.,2024-11-01T14:00:00,3,2,0,internal,2,1283,positive,15,threatening,60,same,E001
InspireTech Inc.,2024-11-01T19:00:00,7,0,1,internal,10,1440,neutral,20,concerned,190,same,E001
InspireTech Inc.,2024-11-01T02:00:00,8,3,1,internal,10,1287,neutral,15,threatening,200,same,E001
InspireTech Inc.,2024-11-01T14:00:00,3,1,1,internal,8,3447,negative,10,aggressive,110,same,E001
InspireTech Inc.,2024-11-01T21:00:00,8,1,1,internal,5,4960,positive,15,threatening,160,same,E001
InspireTech Inc.,2024-11-02T12:00:00,6,1,2,external,5,6956,positive,20,informative,30,same,E001
InspireTech Inc.,2024-11-02T11:00:00,6,4,1,external,10,1348,positive,15,aggressive,10,same,E001
InspireTech Inc.,2024-11-01T19:00:00,8,0,1,internal,10,4925,negative,20,informative,30,same,E001
InspireTech Inc.,2024-11-03T00:00:00,5,3,0,internal,5,3737,neutral,5,aggressive,150,same,E001
InspireTech Inc.,2024-11-02T12:00:00,4,3,0,external,2,1912,negative,20,funny,190,same,E001
InspireTech Inc.,2024-11-01T00:00:00,5,2,0,external,8,5197,positive,15,invitation,130,same,E001
InspireTech Inc.,2024-11-02T19:00:00,1,0,0,external,1,1920,neutral,20,funny,40,same,E001
InspireTech Inc.,2024-11-02T09:00:00,4,1,1,external,4,7063,neutral,15,funny,40,same,E001
InspireTech Inc.,2024-11-01T13:00:00,5,0,2,external,6,1509,positive,15,neutral,170,same,E001
InspireTech Inc.,2024-11-01T02:00:00,5,1,3,internal,7,930,negative,15,neutral,60,same,E001
InspireTech Inc.,2024-11-02T04:00:00,4,1,2,internal,6,6389,negative,5,invitation,160,same,E001
InspireTech Inc.,2024-11-02T19:00:00,2,1,0,internal,9,422,positive,15,threatening,70,same,E001
InspireTech Inc.,2024-11-02T23:00:00,10,5,3,internal,1,4524,negative,10,concerned,100,same,E001
InspireTech Inc.,2024-11-01T22:00:00,3,2,0,external,1,705,negative,20,concerned,20,same,E001
InspireTech Inc.,2024-11-02T06:00:00,10,4,0,internal,5,1229,negative,15,neutral,140,same,E001
InspireTech Inc.,2024-11-02T04:00:00,9,2,0,internal,8,4143,negative,5,aggressive,70,same,E001
InspireTech Inc.,2024-11-02T21:00:00,8,1,2,external,8,5911,neutral,20,concerned,160,same,E001
InspireTech Inc.,2024-11-02T10:00:00,4,3,0,external,1,4768,positive,15,threatening,20,same,E001
InspireTech Inc.,2024-11-02T19:00:00,9,1,0,external,2,6391,positive,10,concerned,90,same,E001
InspireTech Inc.,2024-11-02T20:00:00,1,0,0,internal,2,2872,positive,20,neutral,180,same,E001
InspireTech Inc.,2024-11-02T21:00:00,5,3,1,external,6,267,neutral,5,serious,160,same,E001
InspireTech Inc.,2024-11-01T21:00:00,6,3,1,internal,10,5556,positive,20,funny,110,same,E001
InspireTech Inc.,2024-11-01T13:00:00,3,2,0,internal,1,5953,negative,20,neutral,60,same,E001
InspireTech Inc.,2024-11-02T21:00:00,6,1,3,internal,3,310,positive,20,neutral,90,same,E001
InspireTech Inc.,2024-11-02T16:00:00,2,1,0,external,3,4283,neutral,15,aggressive,180,same,E001
InspireTech Inc.,2024-11-02T16:00:00,2,1,0,external,7,1102,positive,15,threatening,20,same,E001
InspireTech Inc.,2024-11-01T10:00:00,3,0,1,external,1,3134,negative,20,aggressive,120,same,E001
InspireTech Inc.,2024-11-02T12:00:00,8,2,3,internal,3,5682,neutral,5,concerned,40,same,E001
InspireTech Inc.,2024-11-01T23:00:00,1,0,0,external,7,4006,positive,5,funny,70,same,E001
InspireTech Inc.,2024-11-02T22:00:00,10,1,1,internal,3,4147,negative,10,invitation,100,same,E001
InspireTech Inc.,2024-11-01T23:00:00,7,0,0,external,8,4233,positive,15,informative,70,same,E001
InspireTech Inc.,2024-11-02T23:00:00,6,1,3,internal,7,1690,neutral,20,threatening,130,same,E001
InspireTech Inc.,2024-11-01T12:00:00,1,0,0,internal,5,1820,positive,5,concerned,50,same,E001
InspireTech Inc.,2024-11-02T18:00:00,4,1,2,internal,6,3408,neutral,10,funny,20,same,E001
InspireTech Inc.,2024-11-01T20:00:00,3,1,0,internal,1,1170,neutral,5,invitation,10,same,E001
InspireTech Inc.,2024-11-01T12:00:00,2,0,0,external,7,1458,neutral,15,aggressive,50,same,E001
InspireTech Inc.,2024-11-01T01:00:00,6,1,2,internal,9,2361,neutral,20,threatening,60,same,E001
InspireTech Inc.,2024-11-02T11:00:00,3,1,0,internal,8,1788,neutral,5,neutral,200,same,E001
InspireTech Inc.,2024-11-01T15:00:00,6,0,0,external,7,3079,neutral,15,funny,40,same,E001
InspireTech Inc.,2024-11-01T09:00:00,2,0,0,internal,5,6979,negative,10,neutral,60,same,E001
InspireTech Inc.,2024-11-02T16:00:00,10,2,0,internal,4,6751,negative,10,threatening,70,same,E001
InspireTech Inc.,2024-11-02T14:00:00,1,0,0,internal,4,3030,negative,10,invitation,140,same,E001
InspireTech Inc.,2024-11-02T11:00:00,9,5,1,internal,8,5381,positive,20,concerned,130,same,E001
InspireTech Inc.,2024-11-01T04:00:00,5,1,3,external,5,1612,positive,5,concerned,80,same,E001
InspireTech Inc.,2024-11-01T15:00:00,9,3,2,external,8,6726,neutral,10,serious,170,same,E001
InspireTech Inc.,2024-11-02T00:00:00,5,2,0,external,2,4825,neutral,20,serious,200,same,E001
InspireTech Inc.,2024-11-01T16:00:00,7,2,0,internal,3,1430,negative,10,funny,180,same,E001
InspireTech Inc.,2024-11-01T20:00:00,5,4,0,external,8,3798,negative,10,informative,140,same,E001
InspireTech Inc.,2024-11-02T01:00:00,1,0,0,internal,8,1366,positive,10,informative,20,same,E001
InspireTech Inc.,2024-11-01T00:00:00,6,5,0,internal,1,2598,neutral,20,informative,90,same,E001
InspireTech Inc.,2024-11-02T22:00:00,3,1,0,external,10,4843,positive,20,invitation,200,same,E001
InspireTech Inc.,2024-11-02T22:00:00,10,3,3,internal,9,3005,neutral,20,informative,130,same,E001
InspireTech Inc.,2024-11-02T14:00:00,4,3,0,internal,4,5456,neutral,15,aggressive,40,same,E001
InspireTech Inc.,2024-11-01T19:00:00,1,0,0,internal,7,1775,positive,5,funny,150,same,E001
InspireTech Inc.,2024-11-02T20:00:00,4,1,2,external,10,1628,negative,15,threatening,80,same,E001
InspireTech Inc.,2024-11-02T23:00:00,6,2,1,external,1,5068,negative,5,neutral,50,same,E001
InspireTech Inc.,2024-11-02T09:00:00,9,5,0,external,7,362,negative,10,neutral,40,same,E001
InspireTech Inc.,2024-11-01T07:00:00,3,1,1,external,7,1991,positive,5,threatening,180,same,E001
InspireTech Inc.,2024-11-02T10:00:00,9,3,1,internal,10,2096,negative,15,neutral,40,same,E001
InspireTech Inc.,2024-11-02T04:00:00,6,5,0,internal,4,6176,negative,20,funny,30,same,E001
InspireTech Inc.,2024-11-01T05:00:00,9,2,0,internal,6,2078,negative,10,serious,180,same,E001
InspireTech Inc.,2024-11-01T13:00:00,2,0,1,external,7,3675,positive,20,neutral,90,same,E001
InspireTech Inc.,2024-11-02T16:00:00,10,4,0,internal,4,5310,negative,20,aggressive,130,same,E001
InspireTech Inc.,2024-11-01T17:00:00,5,4,0,external,7,2720,negative,20,threatening,90,same,E001
InspireTech Inc.,2024-11-02T17:00:00,6,2,1,external,7,469,positive,5,concerned,20,same,E001
InspireTech Inc.,2024-11-02T15:00:00,8,4,2,internal,5,242,neutral,20,threatening,80,same,E001
InspireTech Inc.,2024-11-02T17:00:00,9,3,3,internal,5,2151,positive,5,serious,200,same,E001
InspireTech Inc.,2024-11-01T14:00:00,10,4,3,external,2,5290,positive,20,aggressive,130,same,E001
InspireTech Inc.,2024-11-02T01:00:00,6,2,1,external,5,620,negative,10,concerned,70,same,E001
InspireTech Inc.,2024-11-01T04:00:00,2,0,0,external,1,1749,negative,20,aggressive,120,same,E001
InspireTech Inc.,2024-11-01T09:00:00,6,5,0,external,6,4743,negative,15,funny,200,same,E001
InspireTech Inc.,2024-11-01T15:00:00,4,0,0,external,1,959,neutral,20,aggressive,90,same,E001
InspireTech Inc.,2024-11-01T15:00:00,5,2,2,external,7,811,neutral,5,concerned,190,same,E001
InspireTech Inc.,2024-11-01T22:00:00,4,3,0,internal,5,5928,neutral,10,serious,110,same,E001
InspireTech Inc.,2024-11-01T16:00:00,5,0,3,internal,8,3059,negative,20,funny,130,same,E001
InspireTech Inc.,2024-11-02T20:00:00,6,0,2,internal,6,946,negative,5,informative,60,same,E001
InspireTech Inc.,2024-11-02T18:00:00,7,0,3,external,5,2783,negative,20,invitation,140,same,E001
InspireTech Inc.,2024-11-01T15:00:00,1,0,0,internal,6,4272,negative,10,serious,120,same,E001
InspireTech Inc.,2024-11-01T00:00:00,6,4,1,external,3,6672,neutral,15,informative,190,same,E001
InspireTech Inc.,2024-11-02T10:00:00,6,3,1,internal,6,5178,negative,20,informative,200,same,E001
InspireTech Inc.,2024-11-02T12:00:00,8,0,2,internal,9,5433,negative,20,concerned,200,same,E001
InspireTech Inc.,2024-11-02T23:00:00,9,4,0,internal,4,4860,positive,15,informative,200,same,E001
InspireTech Inc.,2024-11-01T13:00:00,7,1,0,internal,9,2286,positive,10,informative,110,same,E001
InspireTech Inc.,2024-11-01T14:00:00,4,1,1,external,9,6262,positive,20,funny,110,same,E001
InspireTech Inc.,2024-11-02T20:00:00,2,0,1,external,5,2068,negative,5,funny,140,same,E001
InspireTech Inc.,2024-11-01T08:00:00,1,0,0,internal,7,4836,positive,10,funny,40,same,E001
InspireTech Inc.,2024-11-01T17:00:00,8,4,0,internal,1,433,positive,10,invitation,50,same,E001
InspireTech Inc.,2024-11-01T09:00:00,8,3,2,internal,7,5019,neutral,15,concerned,40,same,E001
InspireTech Inc.,2024-11-01T22:00:00,2,0,0,internal,4,4163,positive,10,invitation,110,same,E001
InspireTech Inc.,2024-11-01T20:00:00,4,0,2,external,4,4593,neutral,20,funny,20,same,E001
InspireTech Inc.,2024-11-02T01:00:00,8,2,3,external,9,1717,neutral,10,serious,30,same,E001
InspireTech Inc.,2024-11-01T07:00:00,9,5,3,external,5,4707,positive,20,serious,60,same,E001
InspireTech Inc.,2024-11-01T02:00:00,10,2,1,external,5,3945,neutral,10,informative,140,same,E001
InspireTech Inc.,2024-11-01T04:00:00,2,1,0,internal,5,2707,neutral,20,informative,10,same,E001
InspireTech Inc.,2024-11-01T17:00:00,4,3,0,internal,2,6968,neutral,20,serious,110,same,E001
InspireTech Inc.,2024-11-01T03:00:00,6,5,0,external,3,3474,negative,10,aggressive,110,same,E001
InspireTech Inc.,2024-11-01T23:00:00,3,2,0,internal,6,5252,neutral,10,funny,100,same,E001
InspireTech Inc.,2024-11-01T18:00:00,3,0,1,internal,8,441,negative,10,threatening,170,same,E001
InspireTech Inc.,2024-11-01T19:00:00,5,2,2,external,5,5734,negative,20,informative,90,same,E001
InspireTech Inc.,2024-11-02T05:00:00,10,3,2,internal,2,1496,negative,15,neutral,60,same,E001
InspireTech Inc.,2024-11-02T11:00:00,6,3,2,internal,9,7040,positive,5,informative,200,same,E001
InspireTech Inc.,2024-11-01T04:00:00,7,4,1,external,6,5744,negative,10,threatening,80,above,E002
InspireTech Inc.,2024-11-01T13:00:00,10,3,1,internal,9,3308,positive,10,serious,140,above,E002
InspireTech Inc.,2024-11-01T09:00:00,1,0,0,internal,2,4003,negative,5,serious,30,above,E002
InspireTech Inc.,2024-11-02T15:00:00,5,1,2,internal,4,6269,neutral,15,funny,130,above,E002
InspireTech Inc.,2024-11-01T04:00:00,8,1,1,internal,8,1710,positive,5,informative,40,above,E002
InspireTech Inc.,2024-11-01T22:00:00,10,3,2,internal,7,1995,negative,5,informative,120,above,E002
InspireTech Inc.,2024-11-01T12:00:00,10,3,3,external,9,1081,negative,20,invitation,150,above,E002
InspireTech Inc.,2024-11-01T07:00:00,7,4,0,external,5,5385,neutral,20,concerned,200,above,E002
InspireTech Inc.,2024-11-01T14:00:00,9,0,3,internal,1,5660,positive,5,threatening,70,above,E002
InspireTech Inc.,2024-11-01T23:00:00,7,1,1,external,5,5147,positive,20,aggressive,160,above,E002
InspireTech Inc.,2024-11-01T01:00:00,9,4,2,internal,1,6777,neutral,5,threatening,20,above,E002
InspireTech Inc.,2024-11-02T23:00:00,10,1,2,internal,4,1747,negative,15,neutral,180,above,E002
InspireTech Inc.,2024-11-02T17:00:00,10,5,1,external,3,1359,neutral,10,threatening,10,above,E002
InspireTech Inc.,2024-11-02T05:00:00,5,0,3,external,4,5421,negative,20,informative,60,above,E002
InspireTech Inc.,2024-11-02T09:00:00,5,1,1,external,1,2980,negative,5,invitation,160,above,E002
InspireTech Inc.,2024-11-01T15:00:00,7,5,0,internal,9,4088,neutral,15,threatening,190,above,E002
InspireTech Inc.,2024-11-02T13:00:00,2,1,0,internal,7,4207,negative,15,invitation,190,above,E002
InspireTech Inc.,2024-11-01T05:00:00,10,5,3,internal,9,1979,positive,10,concerned,130,above,E002
InspireTech Inc.,2024-11-02T14:00:00,5,2,0,internal,2,1675,neutral,10,funny,20,above,E002
InspireTech Inc.,2024-11-01T09:00:00,1,0,0,internal,9,840,positive,10,threatening,170,above,E002
InspireTech Inc.,2024-11-01T19:00:00,2,0,0,internal,8,706,positive,10,funny,150,above,E002
InspireTech Inc.,2024-11-02T00:00:00,7,4,0,internal,9,3418,neutral,15,informative,150,above,E002
InspireTech Inc.,2024-11-02T03:00:00,10,1,3,internal,2,6000,positive,20,funny,140,above,E002
InspireTech Inc.,2024-11-01T20:00:00,7,2,0,external,8,2359,negative,10,concerned,130,above,E002
InspireTech Inc.,2024-11-02T09:00:00,4,1,0,external,1,3248,negative,5,concerned,150,above,E002
InspireTech Inc.,2024-11-01T06:00:00,8,1,1,external,7,6731,neutral,10,invitation,110,above,E002
InspireTech Inc.,2024-11-02T08:00:00,2,1,0,internal,6,5532,positive,10,concerned,150,above,E002
InspireTech Inc.,2024-11-01T10:00:00,2,0,0,internal,9,316,negative,5,threatening,120,above,E002
InspireTech Inc.,2024-11-02T01:00:00,2,0,0,external,1,1110,neutral,15,serious,150,above,E002
InspireTech Inc.,2024-11-02T05:00:00,9,3,2,external,5,3052,positive,10,serious,50,above,E002
InspireTech Inc.,2024-11-02T07:00:00,1,0,0,external,5,6696,positive,15,threatening,30,above,E002
InspireTech Inc.,2024-11-01T08:00:00,6,3,1,external,5,4959,neutral,15,informative,140,above,E002
InspireTech Inc.,2024-11-02T18:00:00,4,0,0,external,2,3614,neutral,5,funny,10,above,E002
InspireTech Inc.,2024-11-01T17:00:00,8,5,0,internal,8,6204,neutral,15,neutral,190,above,E002
InspireTech Inc.,2024-11-02T01:00:00,9,0,1,external,10,4081,neutral,10,invitation,150,above,E002
InspireTech Inc.,2024-11-01T12:00:00,4,1,0,internal,4,4474,neutral,5,concerned,50,above,E002
InspireTech Inc.,2024-11-02T15:00:00,9,1,2,external,3,5063,negative,5,funny,90,above,E002
InspireTech Inc.,2024-11-01T02:00:00,3,0,2,internal,4,1644,negative,5,threatening,100,above,E002
InspireTech Inc.,2024-11-02T02:00:00,2,0,1,internal,1,5490,neutral,5,concerned,190,above,E002
InspireTech Inc.,2024-11-01T18:00:00,9,2,0,internal,7,4268,positive,10,neutral,30,above,E002
InspireTech Inc.,2024-11-01T15:00:00,10,3,2,internal,1,1216,negative,15,funny,30,above,E002
InspireTech Inc.,2024-11-02T21:00:00,3,2,0,external,1,6027,positive,15,serious,50,above,E002
InspireTech Inc.,2024-11-03T00:00:00,9,5,1,internal,10,4233,neutral,5,aggressive,160,above,E002
InspireTech Inc.,2024-11-02T21:00:00,3,0,0,external,4,1446,negative,10,concerned,40,above,E002
InspireTech Inc.,2024-11-01T06:00:00,8,5,1,external,9,5470,neutral,10,aggressive,180,above,E002
InspireTech Inc.,2024-11-01T15:00:00,10,1,2,internal,10,6609,neutral,5,aggressive,170,above,E002
InspireTech Inc.,2024-11-02T15:00:00,10,0,1,external,1,6797,negative,20,neutral,160,above,E002
InspireTech Inc.,2024-11-01T14:00:00,10,5,1,external,8,4732,negative,5,funny,110,above,E002
InspireTech Inc.,2024-11-02T06:00:00,10,4,2,internal,1,2567,positive,10,funny,70,above,E002
InspireTech Inc.,2024-11-01T09:00:00,2,1,0,external,6,5959,neutral,15,informative,20,above,E002
InspireTech Inc.,2024-11-02T01:00:00,2,0,0,internal,1,6685,neutral,10,serious,40,above,E002
InspireTech Inc.,2024-11-02T03:00:00,5,1,1,internal,9,4030,negative,10,informative,120,above,E002
InspireTech Inc.,2024-11-01T01:00:00,10,0,1,internal,7,1126,negative,15,informative,110,above,E002
InspireTech Inc.,2024-11-01T04:00:00,10,2,1,internal,10,4845,negative,5,invitation,130,above,E002
InspireTech Inc.,2024-11-01T18:00:00,10,2,0,external,10,89,positive,20,serious,140,above,E002
InspireTech Inc.,2024-11-02T12:00:00,2,1,0,external,7,1866,negative,5,threatening,30,above,E002
InspireTech Inc.,2024-11-02T04:00:00,7,1,1,external,4,4675,positive,20,threatening,130,above,E002
InspireTech Inc.,2024-11-02T22:00:00,6,5,0,external,7,6357,neutral,15,neutral,180,above,E002
InspireTech Inc.,2024-11-01T18:00:00,5,3,0,external,2,6042,neutral,5,neutral,100,above,E002
InspireTech Inc.,2024-11-02T08:00:00,2,1,0,internal,1,1410,positive,20,informative,130,above,E002
InspireTech Inc.,2024-11-02T22:00:00,4,3,0,external,9,5753,negative,10,informative,200,above,E002
InspireTech Inc.,2024-11-01T07:00:00,3,0,2,internal,6,7048,positive,20,aggressive,200,above,E002
InspireTech Inc.,2024-11-01T18:00:00,7,5,1,external,8,5964,positive,15,invitation,160,above,E002
InspireTech Inc.,2024-11-01T15:00:00,5,3,1,internal,9,5487,neutral,5,serious,60,above,E002
InspireTech Inc.,2024-11-02T06:00:00,8,1,2,internal,9,3418,negative,10,serious,90,above,E002
InspireTech Inc.,2024-11-02T21:00:00,10,3,1,external,1,517,negative,20,invitation,50,above,E002
InspireTech Inc.,2024-11-02T22:00:00,2,1,0,internal,8,5182,neutral,5,informative,60,above,E002
InspireTech Inc.,2024-11-01T08:00:00,3,0,2,external,2,6487,neutral,10,concerned,110,above,E002
InspireTech Inc.,2024-11-02T01:00:00,4,0,0,internal,6,3120,neutral,5,aggressive,60,above,E002
InspireTech Inc.,2024-11-01T10:00:00,2,1,0,external,5,5466,neutral,15,informative,30,above,E002
InspireTech Inc.,2024-11-02T17:00:00,1,0,0,internal,2,6752,negative,5,invitation,160,above,E002
InspireTech Inc.,2024-11-01T22:00:00,9,5,1,internal,7,5263,neutral,20,concerned,70,above,E002
InspireTech Inc.,2024-11-01T02:00:00,1,0,0,internal,8,5400,neutral,20,threatening,110,above,E002
InspireTech Inc.,2024-11-01T02:00:00,7,3,1,internal,1,5269,positive,5,threatening,190,above,E002
InspireTech Inc.,2024-11-02T07:00:00,3,2,0,external,1,782,negative,5,neutral,200,above,E002
InspireTech Inc.,2024-11-01T21:00:00,6,5,0,external,2,6913,neutral,10,informative,120,above,E002
InspireTech Inc.,2024-11-01T02:00:00,1,0,0,external,2,986,positive,5,invitation,120,above,E002
InspireTech Inc.,2024-11-02T16:00:00,9,1,1,internal,8,6667,positive,20,invitation,10,above,E002
InspireTech Inc.,2024-11-01T03:00:00,4,1,2,external,4,2030,positive,15,aggressive,40,above,E002
InspireTech Inc.,2024-11-01T13:00:00,3,0,1,external,8,2320,positive,10,invitation,90,above,E002
InspireTech Inc.,2024-11-01T05:00:00,10,4,3,internal,9,7066,positive,5,threatening,120,above,E002
InspireTech Inc.,2024-11-02T13:00:00,2,0,1,external,9,2437,negative,20,informative,160,above,E002
InspireTech Inc.,2024-11-01T11:00:00,2,1,0,external,2,799,negative,15,invitation,100,above,E002
InspireTech Inc.,2024-11-01T05:00:00,9,2,2,internal,2,280,negative,20,threatening,80,above,E002
InspireTech Inc.,2024-11-02T01:00:00,1,0,0,internal,8,1926,positive,20,aggressive,180,above,E002
InspireTech Inc.,2024-11-01T11:00:00,8,0,0,internal,2,5572,neutral,5,informative,130,above,E002
InspireTech Inc.,2024-11-02T14:00:00,5,3,0,external,6,6669,positive,5,informative,170,above,E002
InspireTech Inc.,2024-11-02T18:00:00,4,0,2,external,7,4376,negative,15,aggressive,70,above,E002
InspireTech Inc.,2024-11-01T11:00:00,1,0,0,internal,1,1940,negative,20,funny,30,above,E002
InspireTech Inc.,2024-11-02T06:00:00,3,1,1,external,2,5206,positive,5,invitation,200,above,E002
InspireTech Inc.,2024-11-02T10:00:00,3,2,0,internal,8,2630,neutral,20,serious,160,above,E002
InspireTech Inc.,2024-11-02T14:00:00,3,1,1,internal,1,4174,positive,15,aggressive,80,above,E002
InspireTech Inc.,2024-11-01T04:00:00,8,2,0,internal,10,2537,neutral,10,neutral,20,above,E002
InspireTech Inc.,2024-11-02T06:00:00,2,1,0,external,9,1892,positive,20,neutral,130,above,E002
InspireTech Inc.,2024-11-02T08:00:00,5,4,0,internal,8,2869,neutral,15,informative,150,above,E002
InspireTech Inc.,2024-11-02T17:00:00,4,2,1,internal,9,5358,negative,5,informative,120,above,E002
InspireTech Inc.,2024-11-01T20:00:00,5,4,0,internal,9,5510,positive,20,concerned,200,above,E002
InspireTech Inc.,2024-11-02T12:00:00,5,2,0,external,10,3768,negative,5,informative,40,above,E002
InspireTech Inc.,2024-11-02T12:00:00,7,2,0,internal,6,5363,negative,20,funny,180,above,E002
InspireTech Inc.,2024-11-02T12:00:00,5,1,1,external,8,1283,negative,10,funny,170,above,E002
InspireTech Inc.,2024-11-02T08:00:00,10,0,3,internal,2,2433,positive,10,concerned,60,above,E002
InspireTech Inc.,2024-11-02T05:00:00,5,2,2,internal,10,5597,neutral,10,serious,160,above,E002
InspireTech Inc.,2024-11-02T23:00:00,6,1,3,external,7,1812,positive,5,invitation,110,above,E002
InspireTech Inc.,2024-11-01T13:00:00,4,3,0,internal,5,4250,neutral,15,invitation,20,above,E002
InspireTech Inc.,2024-11-02T14:00:00,6,0,3,internal,3,2275,negative,10,funny,190,above,E002
InspireTech Inc.,2024-11-01T22:00:00,6,1,1,internal,3,6096,negative,15,threatening,190,above,E002
InspireTech Inc.,2024-11-01T22:00:00,7,0,2,internal,3,5754,negative,10,invitation,10,above,E002
InspireTech Inc.,2024-11-01T17:00:00,6,3,2,internal,1,4277,positive,15,neutral,90,above,E002
InspireTech Inc.,2024-11-01T07:00:00,8,1,3,internal,1,4112,neutral,20,informative,90,above,E002
InspireTech Inc.,2024-11-02T11:00:00,9,4,3,external,9,3328,neutral,5,threatening,120,above,E002
InspireTech Inc.,2024-11-01T23:00:00,7,0,2,external,6,4113,positive,20,neutral,90,above,E002
InspireTech Inc.,2024-11-02T07:00:00,5,4,0,external,6,4837,negative,5,neutral,90,above,E002
InspireTech Inc.,2024-11-02T20:00:00,1,0,0,external,2,4405,positive,15,informative,150,above,E002
InspireTech Inc.,2024-11-03T00:00:00,3,0,0,internal,10,6660,negative,10,informative,180,above,E002
InspireTech Inc.,2024-11-02T17:00:00,2,1,0,external,3,3722,positive,15,concerned,190,above,E002
InspireTech Inc.,2024-11-02T03:00:00,9,5,2,external,8,5600,positive,5,concerned,160,above,E002
InspireTech Inc.,2024-11-02T08:00:00,7,2,2,external,2,6589,positive,5,neutral,130,above,E002
InspireTech Inc.,2024-11-02T02:00:00,1,0,0,internal,9,5628,negative,20,funny,10,above,E002
InspireTech Inc.,2024-11-01T15:00:00,6,4,1,external,4,1907,neutral,15,serious,80,above,E002
InspireTech Inc.,2024-11-02T00:00:00,5,4,0,external,5,1478,positive,15,threatening,160,above,E002
InspireTech Inc.,2024-11-02T14:00:00,4,3,0,internal,5,6971,neutral,5,aggressive,180,above,E002
InspireTech Inc.,2024-11-02T22:00:00,1,0,0,internal,8,6129,negative,20,informative,100,above,E002
InspireTech Inc.,2024-11-01T08:00:00,6,0,1,internal,9,2388,neutral,15,funny,70,above,E002
InspireTech Inc.,2024-11-02T06:00:00,2,0,0,external,5,6478,neutral,20,invitation,200,above,E002
InspireTech Inc.,2024-11-01T20:00:00,5,0,3,external,5,2639,positive,10,invitation,160,above,E002
InspireTech Inc.,2024-11-02T23:00:00,1,0,0,external,1,6833,neutral,10,funny,160,above,E002
InspireTech Inc.,2024-11-02T10:00:00,10,5,3,internal,9,6874,positive,5,aggressive,200,above,E002
InspireTech Inc.,2024-11-02T02:00:00,3,2,0,internal,2,2160,positive,15,invitation,80,above,E002
InspireTech Inc.,2024-11-02T17:00:00,3,1,0,external,9,150,negative,15,threatening,40,above,E002
InspireTech Inc.,2024-11-02T12:00:00,3,1,1,external,7,3026,neutral,20,invitation,150,above,E002
InspireTech Inc.,2024-11-02T16:00:00,6,1,2,internal,1,5397,negative,5,invitation,200,above,E002
InspireTech Inc.,2024-11-02T01:00:00,9,2,0,internal,8,6460,positive,20,serious,80,above,E002
InspireTech Inc.,2024-11-01T00:00:00,1,0,0,external,10,6366,negative,15,serious,20,above,E002
InspireTech Inc.,2024-11-02T13:00:00,7,3,2,internal,9,2404,negative,20,funny,170,above,E002
InspireTech Inc.,2024-11-02T22:00:00,6,5,0,external,8,4878,neutral,15,threatening,90,above,E002
InspireTech Inc.,2024-11-02T21:00:00,5,4,0,internal,7,6322,positive,10,aggressive,50,above,E002
InspireTech Inc.,2024-11-02T07:00:00,5,4,0,internal,2,6745,positive,15,neutral,200,above,E002
InspireTech Inc.,2024-11-01T22:00:00,1,0,0,internal,5,5402,negative,5,threatening,30,above,E002
InspireTech Inc.,2024-11-02T16:00:00,3,1,0,external,7,1677,negative,20,neutral,120,above,E002
InspireTech Inc.,2024-11-01T17:00:00,10,0,3,internal,9,5812,neutral,5,invitation,150,above,E002
InspireTech Inc.,2024-11-01T00:00:00,6,1,1,internal,3,942,positive,15,neutral,160,above,E002
InspireTech Inc.,2024-11-01T23:00:00,7,2,1,external,3,4605,neutral,10,aggressive,100,above,E002
InspireTech Inc.,2024-11-02T18:00:00,5,2,1,internal,6,566,positive,15,threatening,60,above,E002
InspireTech Inc.,2024-11-01T02:00:00,8,1,0,external,3,4693,positive,20,invitation,40,above,E002
InspireTech Inc.,2024-11-01T17:00:00,10,0,2,external,1,5555,positive,20,serious,110,above,E002
InspireTech Inc.,2024-11-02T11:00:00,7,0,0,external,9,1306,negative,15,neutral,120,above,E002
InspireTech Inc.,2024-11-02T09:00:00,8,0,0,internal,5,2902,neutral,10,invitation,80,above,E002
InspireTech Inc.,2024-11-02T19:00:00,9,4,2,external,10,3860,negative,20,aggressive,30,above,E002
InspireTech Inc.,2024-11-01T18:00:00,5,3,1,external,1,6992,negative,10,funny,40,above,E002
InspireTech Inc.,2024-11-02T02:00:00,10,2,3,external,3,6881,positive,5,threatening,30,above,E002
InspireTech Inc.,2024-11-01T02:00:00,3,2,0,external,5,3243,neutral,10,invitation,190,above,E002
InspireTech Inc.,2024-11-02T02:00:00,8,1,3,internal,4,5078,positive,20,informative,200,above,E002
InspireTech Inc.,2024-11-02T21:00:00,5,3,0,external,8,6522,neutral,15,invitation,90,above,E002
InspireTech Inc.,2024-11-02T03:00:00,4,3,0,external,5,241,negative,20,informative,50,above,E002
InspireTech Inc.,2024-11-02T00:00:00,5,2,1,external,4,2345,neutral,20,funny,130,above,E002
InspireTech Inc.,2024-11-01T12:00:00,2,1,0,external,6,1805,neutral,20,threatening,60,above,E002
InspireTech Inc.,2024-11-02T06:00:00,7,0,1,external,4,207,positive,15,neutral,90,above,E002
InspireTech Inc.,2024-11-02T09:00:00,9,4,2,internal,5,2989,positive,10,neutral,40,above,E002
InspireTech Inc.,2024-11-01T05:00:00,4,0,3,external,4,5134,neutral,10,aggressive,50,above,E002
InspireTech Inc.,2024-11-02T21:00:00,10,3,0,internal,2,510,neutral,10,invitation,200,above,E002
InspireTech Inc.,2024-11-01T00:00:00,9,4,0,internal,9,538,positive,5,serious,200,above,E002
InspireTech Inc.,2024-11-01T10:00:00,6,3,0,internal,9,2440,neutral,5,informative,30,above,E002
InspireTech Inc.,2024-11-02T04:00:00,3,1,1,internal,8,4905,negative,15,funny,40,above,E002
InspireTech Inc.,2024-11-01T12:00:00,1,0,0,external,5,5066,negative,20,serious,80,above,E002
InspireTech Inc.,2024-11-01T08:00:00,3,2,0,internal,1,6475,neutral,15,serious,70,below,E003
InspireTech Inc.,2024-11-02T14:00:00,2,1,0,external,10,3108,neutral,20,neutral,170,below,E003
InspireTech Inc.,2024-11-02T15:00:00,2,1,0,internal,6,3466,neutral,20,neutral,140,below,E003
InspireTech Inc.,2024-11-02T22:00:00,8,5,1,internal,9,1849,positive,10,invitation,190,below,E003
InspireTech Inc.,2024-11-01T04:00:00,3,2,0,external,5,2581,positive,15,serious,60,below,E003
InspireTech Inc.,2024-11-02T10:00:00,6,0,1,external,4,1402,positive,20,aggressive,100,below,E003
InspireTech Inc.,2024-11-02T11:00:00,1,0,0,internal,10,2439,negative,10,concerned,90,below,E003
InspireTech Inc.,2024-11-01T20:00:00,5,2,0,external,10,5671,negative,5,neutral,10,below,E003
InspireTech Inc.,2024-11-01T04:00:00,10,5,3,internal,1,1513,negative,5,funny,20,below,E003
InspireTech Inc.,2024-11-01T20:00:00,4,1,0,external,5,3021,negative,15,aggressive,70,below,E003
InspireTech Inc.,2024-11-02T11:00:00,1,0,0,external,5,772,positive,20,neutral,10,below,E003
InspireTech Inc.,2024-11-02T22:00:00,10,2,3,external,8,3449,negative,5,invitation,160,below,E003
InspireTech Inc.,2024-11-01T09:00:00,7,2,1,internal,7,4476,positive,15,aggressive,30,below,E003
InspireTech Inc.,2024-11-02T20:00:00,7,0,1,external,1,1598,positive,5,informative,40,below,E003
InspireTech Inc.,2024-11-01T15:00:00,1,0,0,external,3,784,negative,15,invitation,50,below,E003
InspireTech Inc.,2024-11-01T16:00:00,10,4,0,internal,3,4000,positive,5,informative,60,below,E003
InspireTech Inc.,2024-11-01T09:00:00,6,4,0,internal,6,4396,negative,20,serious,150,below,E003
InspireTech Inc.,2024-11-01T06:00:00,2,0,0,internal,9,7061,positive,20,neutral,90,below,E003
InspireTech Inc.,2024-11-01T02:00:00,5,1,2,external,5,7062,positive,5,aggressive,200,below,E003
InspireTech Inc.,2024-11-01T01:00:00,7,0,1,internal,9,6801,negative,15,serious,180,below,E003
InspireTech Inc.,2024-11-02T10:00:00,3,2,0,internal,1,6480,positive,5,aggressive,160,below,E003
InspireTech Inc.,2024-11-02T09:00:00,4,1,1,internal,1,6943,neutral,10,aggressive,90,below,E003
InspireTech Inc.,2024-11-02T08:00:00,10,0,1,external,7,7119,neutral,20,informative,130,below,E003
InspireTech Inc.,2024-11-02T13:00:00,1,0,0,internal,7,4558,positive,20,funny,120,below,E003
InspireTech Inc.,2024-11-02T16:00:00,1,0,0,external,5,6217,negative,10,serious,130,below,E003
InspireTech Inc.,2024-11-01T22:00:00,6,1,0,internal,10,6473,neutral,15,funny,110,below,E003
InspireTech Inc.,2024-11-02T07:00:00,2,1,0,external,6,5589,negative,5,funny,60,below,E003
InspireTech Inc.,2024-11-02T10:00:00,2,0,1,external,4,330,negative,15,concerned,60,below,E003
InspireTech Inc.,2024-11-02T10:00:00,2,0,0,internal,10,296,negative,15,serious,30,below,E003
InspireTech Inc.,2024-11-03T00:00:00,1,0,0,external,5,3610,neutral,5,informative,190,below,E003
InspireTech Inc.,2024-11-01T20:00:00,1,0,0,external,7,1044,positive,15,invitation,30,below,E003
InspireTech Inc.,2024-11-02T03:00:00,6,1,3,internal,6,3509,negative,20,aggressive,20,below,E003
InspireTech Inc.,2024-11-02T16:00:00,5,1,1,internal,2,3174,neutral,10,concerned,40,below,E003
InspireTech Inc.,2024-11-02T21:00:00,1,0,0,external,8,6989,negative,15,invitation,70,below,E003
InspireTech Inc.,2024-11-02T09:00:00,2,1,0,internal,7,1292,neutral,5,informative,120,below,E003
InspireTech Inc.,2024-11-01T11:00:00,6,2,2,internal,3,1289,negative,15,concerned,100,below,E003
InspireTech Inc.,2024-11-02T15:00:00,8,3,1,external,9,641,negative,20,funny,10,below,E003
InspireTech Inc.,2024-11-02T13:00:00,5,2,1,internal,7,4296,neutral,15,funny,100,below,E003
InspireTech Inc.,2024-11-01T05:00:00,2,1,0,external,10,3134,negative,5,neutral,60,below,E003
InspireTech Inc.,2024-11-02T03:00:00,4,2,0,external,1,4101,positive,5,informative,20,below,E003
InspireTech Inc.,2024-11-02T19:00:00,4,0,1,external,7,4393,neutral,10,concerned,160,below,E003
InspireTech Inc.,2024-11-01T11:00:00,8,3,3,internal,10,5083,negative,10,invitation,80,below,E003
InspireTech Inc.,2024-11-02T01:00:00,2,1,0,internal,5,4291,neutral,20,serious,170,below,E003
InspireTech Inc.,2024-11-01T12:00:00,5,1,0,external,4,548,positive,15,concerned,30,below,E003
InspireTech Inc.,2024-11-02T08:00:00,4,0,2,external,7,2473,negative,20,funny,150,below,E003
InspireTech Inc.,2024-11-02T01:00:00,6,3,2,external,2,5458,neutral,10,invitation,10,below,E003
InspireTech Inc.,2024-11-02T06:00:00,6,3,0,internal,2,546,negative,10,serious,170,below,E003
InspireTech Inc.,2024-11-03T00:00:00,1,0,0,external,9,6546,positive,15,funny,200,below,E003
InspireTech Inc.,2024-11-01T12:00:00,3,0,1,external,5,881,negative,20,threatening,190,below,E003
InspireTech Inc.,2024-11-01T05:00:00,4,0,3,external,1,2898,neutral,15,concerned,190,below,E003
InspireTech Inc.,2024-11-02T00:00:00,10,0,1,external,10,1099,positive,15,neutral,100,below,E003
InspireTech Inc.,2024-11-02T02:00:00,2,0,1,external,8,3741,negative,10,threatening,100,below,E003
InspireTech Inc.,2024-11-02T20:00:00,8,4,3,internal,3,5568,positive,15,invitation,70,below,E003
InspireTech Inc.,2024-11-01T13:00:00,9,5,3,internal,9,2613,negative,5,neutral,30,below,E003
InspireTech Inc.,2024-11-02T00:00:00,3,2,0,internal,8,6533,neutral,10,invitation,60,below,E003
InspireTech Inc.,2024-11-01T20:00:00,2,0,1,internal,1,3828,neutral,15,threatening,170,below,E003
InspireTech Inc.,2024-11-01T04:00:00,6,0,3,external,8,3710,positive,20,aggressive,110,below,E003
InspireTech Inc.,2024-11-02T13:00:00,3,1,0,external,6,2883,negative,15,threatening,50,below,E003
InspireTech Inc.,2024-11-01T02:00:00,3,1,0,external,2,5918,negative,15,funny,150,below,E003
InspireTech Inc.,2024-11-02T17:00:00,7,3,3,external,7,171,positive,15,funny,60,below,E003
InspireTech Inc.,2024-11-02T12:00:00,5,0,1,external,5,4593,neutral,20,invitation,30,below,E003
InspireTech Inc.,2024-11-01T00:00:00,10,4,3,internal,9,6934,neutral,20,informative,200,below,E003
InspireTech Inc.,2024-11-01T17:00:00,5,2,2,external,10,1425,negative,5,informative,190,below,E003
InspireTech Inc.,2024-11-02T23:00:00,3,1,1,external,1,6201,negative,20,neutral,40,below,E003
InspireTech Inc.,2024-11-02T16:00:00,4,2,0,internal,8,1194,positive,5,aggressive,100,below,E003
InspireTech Inc.,2024-11-02T03:00:00,5,0,1,external,3,1738,positive,20,aggressive,140,below,E003
InspireTech Inc.,2024-11-01T09:00:00,10,5,0,external,7,2995,positive,15,informative,70,below,E003
InspireTech Inc.,2024-11-01T06:00:00,10,3,1,internal,2,1277,neutral,20,neutral,50,below,E003
InspireTech Inc.,2024-11-01T13:00:00,3,1,0,internal,8,2051,negative,20,invitation,110,below,E003
InspireTech Inc.,2024-11-01T21:00:00,2,0,1,internal,8,3034,negative,5,threatening,80,below,E003
InspireTech Inc.,2024-11-02T01:00:00,5,2,1,internal,4,3339,neutral,20,concerned,190,below,E003
InspireTech Inc.,2024-11-01T06:00:00,1,0,0,external,2,3061,positive,15,concerned,40,below,E003
InspireTech Inc.,2024-11-02T11:00:00,10,2,0,internal,4,549,neutral,15,concerned,30,below,E003
InspireTech Inc.,2024-11-02T07:00:00,7,1,2,internal,8,1762,positive,5,serious,180,below,E003
InspireTech Inc.,2024-11-01T16:00:00,9,2,0,external,1,4944,positive,5,aggressive,60,below,E003
InspireTech Inc.,2024-11-01T02:00:00,10,3,1,external,2,3653,negative,20,concerned,40,below,E003
InspireTech Inc.,2024-11-01T15:00:00,9,3,3,external,2,1840,neutral,10,serious,60,below,E003
InspireTech Inc.,2024-11-02T16:00:00,4,1,2,external,1,7192,neutral,10,funny,160,below,E003
InspireTech Inc.,2024-11-01T09:00:00,6,4,1,internal,3,2044,positive,10,invitation,120,below,E003
InspireTech Inc.,2024-11-02T14:00:00,2,0,1,internal,5,5425,positive,20,concerned,20,below,E003
InspireTech Inc.,2024-11-01T09:00:00,1,0,0,external,9,210,neutral,15,aggressive,90,below,E003
InspireTech Inc.,2024-11-01T05:00:00,1,0,0,external,1,3850,positive,20,neutral,100,below,E003
InspireTech Inc.,2024-11-02T22:00:00,6,2,3,internal,2,5936,negative,15,neutral,200,below,E003
InspireTech Inc.,2024-11-01T05:00:00,8,2,2,external,4,1465,positive,15,neutral,200,below,E003
InspireTech Inc.,2024-11-01T03:00:00,9,5,0,external,3,3650,neutral,15,funny,160,below,E003
InspireTech Inc.,2024-11-01T01:00:00,5,4,0,external,1,2394,neutral,10,serious,110,below,E003
InspireTech Inc.,2024-11-01T00:00:00,5,0,3,internal,1,5514,neutral,20,funny,40,below,E003
InspireTech Inc.,2024-11-02T16:00:00,2,1,0,internal,9,4763,neutral,10,funny,110,below,E003
InspireTech Inc.,2024-11-02T21:00:00,3,2,0,external,9,3524,negative,20,aggressive,50,below,E003
InspireTech Inc.,2024-11-02T22:00:00,7,5,0,internal,4,3270,neutral,10,serious,40,below,E003
InspireTech Inc.,2024-11-02T04:00:00,1,0,0,internal,8,2184,neutral,20,threatening,80,below,E003
InspireTech Inc.,2024-11-01T22:00:00,2,0,0,external,3,708,positive,15,neutral,70,below,E003
InspireTech Inc.,2024-11-02T05:00:00,9,4,0,internal,6,5914,neutral,15,threatening,80,below,E003
InspireTech Inc.,2024-11-01T05:00:00,10,5,3,external,1,5216,positive,20,serious,150,below,E003
InspireTech Inc.,2024-11-02T08:00:00,3,0,2,external,7,4156,negative,5,serious,180,below,E003
InspireTech Inc.,2024-11-01T19:00:00,4,3,0,internal,5,4505,positive,15,aggressive,30,below,E003
InspireTech Inc.,2024-11-02T06:00:00,9,2,1,internal,5,362,negative,20,serious,150,below,E003
InspireTech Inc.,2024-11-02T15:00:00,6,5,0,internal,8,2736,positive,20,serious,150,below,E003
InspireTech Inc.,2024-11-02T14:00:00,1,0,0,external,2,4688,neutral,15,neutral,130,below,E003
InspireTech Inc.,2024-11-02T05:00:00,9,1,3,internal,1,6496,positive,10,neutral,180,below,E003
InspireTech Inc.,2024-11-01T10:00:00,9,4,0,internal,8,3169,positive,5,informative,170,below,E003
InspireTech Inc.,2024-11-01T07:00:00,5,3,1,external,4,5869,neutral,15,serious,180,below,E003
InspireTech Inc.,2024-11-02T03:00:00,2,1,0,external,8,4107,negative,20,aggressive,160,below,E003
InspireTech Inc.,2024-11-02T06:00:00,8,3,3,external,6,2562,positive,15,threatening,40,below,E003
InspireTech Inc.,2024-11-01T08:00:00,3,0,2,external,9,1522,positive,5,invitation,10,below,E003
InspireTech Inc.,2024-11-02T08:00:00,4,0,1,internal,2,769,positive,20,threatening,10,below,E003
InspireTech Inc.,2024-11-02T20:00:00,8,4,3,external,9,3566,positive,5,threatening,60,below,E003
InspireTech Inc.,2024-11-01T18:00:00,3,0,0,external,5,729,neutral,15,concerned,40,below,E003
InspireTech Inc.,2024-11-01T01:00:00,10,2,0,external,3,4922,neutral,10,funny,200,below,E003
InspireTech Inc.,2024-11-02T16:00:00,4,2,1,internal,1,3367,positive,20,informative,170,below,E003
InspireTech Inc.,2024-11-02T07:00:00,5,4,0,external,6,6957,positive,15,aggressive,200,below,E003
InspireTech Inc.,2024-11-02T03:00:00,6,0,2,internal,5,1841,negative,15,concerned,110,below,E003
InspireTech Inc.,2024-11-02T09:00:00,7,5,1,internal,9,5955,neutral,10,invitation,90,below,E003
InspireTech Inc.,2024-11-01T09:00:00,5,2,0,external,10,5740,negative,5,threatening,20,below,E003
InspireTech Inc.,2024-11-01T16:00:00,4,0,0,external,6,286,positive,15,funny,80,below,E003
InspireTech Inc.,2024-11-01T18:00:00,2,0,1,internal,7,4166,neutral,20,aggressive,180,below,E003
InspireTech Inc.,2024-11-01T22:00:00,1,0,0,internal,8,5208,positive,5,invitation,130,below,E003
InspireTech Inc.,2024-11-02T11:00:00,4,1,2,external,9,2920,positive,10,funny,110,below,E003
InspireTech Inc.,2024-11-02T20:00:00,4,2,0,external,7,4885,positive,20,serious,20,below,E003
InspireTech Inc.,2024-11-02T08:00:00,4,1,2,external,7,600,positive,5,aggressive,190,below,E003
InspireTech Inc.,2024-11-01T18:00:00,5,0,2,external,4,6109,positive,15,informative,120,below,E003
InspireTech Inc.,2024-11-01T09:00:00,4,0,0,internal,3,1038,neutral,10,serious,90,below,E003
InspireTech Inc.,2024-11-03T00:00:00,10,4,2,internal,9,806,negative,5,aggressive,200,below,E003
InspireTech Inc.,2024-11-01T05:00:00,5,3,1,internal,1,4937,positive,15,aggressive,130,below,E003
InspireTech Inc.,2024-11-01T03:00:00,6,2,1,external,9,3586,positive,10,serious,60,below,E003
InspireTech Inc.,2024-11-02T08:00:00,6,4,1,internal,9,218,neutral,15,invitation,60,below,E003
InspireTech Inc.,2024-11-02T05:00:00,6,5,0,external,9,753,positive,20,neutral,160,below,E003
InspireTech Inc.,2024-11-01T19:00:00,1,0,0,external,5,698,positive,5,invitation,150,below,E003
InspireTech Inc.,2024-11-02T10:00:00,10,5,2,internal,5,6299,positive,5,invitation,160,below,E003
InspireTech Inc.,2024-11-02T20:00:00,10,1,3,internal,7,4205,neutral,15,informative,40,below,E003
InspireTech Inc.,2024-11-02T12:00:00,8,3,3,internal,4,755,positive,15,threatening,190,below,E003
InspireTech Inc.,2024-11-01T11:00:00,3,1,1,internal,8,1805,positive,10,funny,110,below,E003
InspireTech Inc.,2024-11-02T17:00:00,10,2,1,external,6,6837,negative,5,threatening,30,below,E003
InspireTech Inc.,2024-11-01T11:00:00,10,1,1,external,5,1296,positive,10,funny,70,below,E003
InspireTech Inc.,2024-11-01T13:00:00,1,0,0,internal,10,1104,negative,15,invitation,70,below,E003
InspireTech Inc.,2024-11-01T22:00:00,9,1,2,external,6,5809,positive,5,invitation,140,below,E003
InspireTech Inc.,2024-11-01T10:00:00,10,5,0,internal,8,641,negative,10,concerned,130,below,E003
InspireTech Inc.,2024-11-01T13:00:00,9,4,3,internal,9,4244,neutral,15,neutral,130,below,E003
InspireTech Inc.,2024-11-01T01:00:00,8,1,0,internal,9,744,neutral,5,informative,190,below,E003
InspireTech Inc.,2024-11-02T01:00:00,9,2,0,internal,2,1723,neutral,5,funny,40,below,E003
InspireTech Inc.,2024-11-02T07:00:00,5,2,0,internal,5,4707,negative,10,neutral,10,below,E003
InspireTech Inc.,2024-11-01T06:00:00,8,1,3,internal,4,5722,neutral,15,aggressive,190,below,E003
InspireTech Inc.,2024-11-03T00:00:00,2,0,0,external,10,6525,negative,10,serious,140,below,E003
InspireTech Inc.,2024-11-01T12:00:00,9,0,2,internal,6,2074,negative,5,concerned,110,below,E003
InspireTech Inc.,2024-11-01T19:00:00,8,3,0,internal,10,2647,neutral,10,invitation,180,below,E003
InspireTech Inc.,2024-11-01T16:00:00,4,0,2,external,5,5009,negative,15,invitation,70,below,E003
InspireTech Inc.,2024-11-02T18:00:00,5,2,1,external,10,1835,neutral,5,neutral,130,below,E003
InspireTech Inc.,2024-11-02T16:00:00,6,0,3,external,4,3544,neutral,5,aggressive,140,below,E003
InspireTech Inc.,2024-11-01T05:00:00,6,0,2,external,9,6251,negative,20,neutral,70,below,E003
InspireTech Inc.,2024-11-01T14:00:00,9,3,3,internal,8,6261,neutral,20,informative,180,below,E003
InspireTech Inc.,2024-11-02T08:00:00,1,0,0,internal,3,5863,neutral,5,neutral,120,below,E003
InspireTech Inc.,2024-11-01T21:00:00,8,4,0,internal,3,1934,negative,10,neutral,120,below,E003
InspireTech Inc.,2024-11-01T11:00:00,8,1,3,external,5,4318,neutral,15,concerned,170,below,E003
InspireTech Inc.,2024-11-02T21:00:00,7,2,3,internal,2,4674,neutral,15,invitation,40,below,E003
InspireTech Inc.,2024-11-01T01:00:00,6,0,1,external,10,5565,neutral,15,serious,40,below,E003
InspireTech Inc.,2024-11-01T12:00:00,1,0,0,external,4,7038,neutral,20,threatening,30,below,E003
InspireTech Inc.,2024-11-02T02:00:00,3,2,0,internal,2,3482,positive,10,threatening,90,below,E003
InspireTech Inc.,2024-11-02T07:00:00,4,1,2,external,8,6567,neutral,20,funny,190,below,E003
InspireTech Inc.,2024-11-02T08:00:00,2,0,0,external,10,128,negative,5,serious,200,below,E003
InspireTech Inc.,2024-11-02T21:00:00,8,5,0,internal,8,182,negative,10,funny,50,below,E003
InspireTech Inc.,2024-11-01T22:00:00,6,2,2,internal,3,3652,positive,20,invitation,100,below,E003
InspireTech Inc.,2024-11-02T20:00:00,2,0,1,external,2,1263,negative,5,neutral,70,below,E003
InspireTech Inc.,2024-11-02T10:00:00,3,2,0,internal,5,3112,neutral,5,funny,50,below,E003