company,timestamp,numberOfRecipients,numberOfCCs,numberOfBCCs,recipientType,lengthOfThread,responseTime,titleTone,titleLength,messageTone,messageLength,recipientRoleLevel
InspireTech Inc.,2024-11-01T00:00:00,4,1,2,internal,4,318,neutral,10,informative,319,same
InspireTech Inc.,2024-11-01T01:00:00,4,2,2,internal,4,343,neutral,15,informative,432,same
InspireTech Inc.,2024-11-01T02:00:00,4,2,2,internal,2,517,neutral,5,informative,366,same
InspireTech Inc.,2024-11-01T03:00:00,4,3,2,internal,2,126,neutral,15,informative,331,same
InspireTech Inc.,2024-11-01T04:00:00,4,1,1,internal,4,243,neutral,10,informative,307,same
InspireTech Inc.,2024-11-01T05:00:00,4,1,0,internal,4,457,neutral,10,informative,111,same
InspireTech Inc.,2024-11-01T06:00:00,4,0,0,internal,1,351,neutral,20,informative,483,same
InspireTech Inc.,2024-11-01T07:00:00,4,1,0,internal,3,403,neutral,20,informative,149,same
InspireTech Inc.,2024-11-01T08:00:00,4,2,0,internal,3,495,neutral,15,informative,284,same
InspireTech Inc.,2024-11-01T09:00:00,4,1,2,internal,2,110,neutral,20,informative,246,same
InspireTech Inc.,2024-11-01T10:00:00,4,0,2,internal,1,587,neutral,20,informative,116,same
InspireTech Inc.,2024-11-01T11:00:00,4,0,0,internal,3,131,neutral,5,informative,103,same
InspireTech Inc.,2024-11-01T12:00:00,4,0,2,internal,1,406,neutral,5,informative,264,same
InspireTech Inc.,2024-11-01T13:00:00,4,1,1,internal,2,134,neutral,15,informative,376,same
InspireTech Inc.,2024-11-01T14:00:00,4,3,0,internal,1,229,neutral,10,informative,398,same
InspireTech Inc.,2024-11-01T15:00:00,4,0,1,internal,1,203,neutral,20,informative,233,same
InspireTech Inc.,2024-11-01T16:00:00,4,1,1,internal,4,528,neutral,15,informative,313,same
InspireTech Inc.,2024-11-01T17:00:00,4,1,2,internal,4,514,neutral,15,informative,265,same
InspireTech Inc.,2024-11-01T18:00:00,4,1,2,internal,1,177,neutral,20,informative,338,same
InspireTech Inc.,2024-11-01T19:00:00,4,1,0,internal,1,519,neutral,10,informative,326,same
InspireTech Inc.,2024-11-01T20:00:00,4,0,0,internal,3,522,neutral,15,informative,410,same
InspireTech Inc.,2024-11-01T21:00:00,4,3,2,internal,3,215,neutral,10,informative,296,same
InspireTech Inc.,2024-11-01T22:00:00,4,3,1,internal,1,441,neutral,5,informative,469,same
InspireTech Inc.,2024-11-01T23:00:00,4,3,0,internal,4,133,neutral,20,informative,104,same
InspireTech Inc.,2024-11-01T00:00:00,4,2,0,internal,1,544,neutral,5,informative,152,same
InspireTech Inc.,2024-11-01T01:00:00,4,1,2,internal,4,540,neutral,15,informative,431,same
InspireTech Inc.,2024-11-01T02:00:00,4,1,2,internal,4,557,neutral,20,informative,294,same
InspireTech Inc.,2024-11-01T03:00:00,4,0,1,internal,3,491,neutral,15,informative,317,same
InspireTech Inc.,2024-11-01T04:00:00,4,1,1,internal,2,585,neutral,5,informative,300,same
InspireTech Inc.,2024-11-01T05:00:00,4,3,2,internal,1,559,neutral,15,informative,439,same
InspireTech Inc.,2024-11-01T06:00:00,4,3,1,external,3,309,neutral,15,informative,181,same
InspireTech Inc.,2024-11-01T07:00:00,4,1,0,external,3,416,neutral,10,informative,461,same
InspireTech Inc.,2024-11-01T08:00:00,4,2,0,external,1,84,neutral,5,informative,490,same
InspireTech Inc.,2024-11-01T09:00:00,4,3,0,external,1,389,neutral,20,informative,413,same
InspireTech Inc.,2024-11-01T10:00:00,4,2,0,external,2,243,neutral,20,informative,218,same
InspireTech Inc.,2024-11-01T00:00:00,3,2,2,internal,1,437,neutral,10,informative,339,same
InspireTech Inc.,2024-11-01T01:00:00,3,3,0,internal,2,148,neutral,20,informative,288,same
InspireTech Inc.,2024-11-01T02:00:00,3,1,0,internal,1,158,neutral,15,informative,356,same
InspireTech Inc.,2024-11-01T03:00:00,3,2,0,internal,3,479,neutral,5,informative,259,same
InspireTech Inc.,2024-11-01T04:00:00,3,0,2,internal,2,330,neutral,5,informative,287,same
InspireTech Inc.,2024-11-01T05:00:00,3,1,2,internal,1,578,neutral,10,informative,431,same
InspireTech Inc.,2024-11-01T06:00:00,3,0,0,internal,1,437,neutral,15,informative,379,same
InspireTech Inc.,2024-11-01T07:00:00,3,2,1,internal,3,568,neutral,5,informative,460,same
InspireTech Inc.,2024-11-01T08:00:00,3,0,1,internal,3,561,neutral,10,informative,434,same
InspireTech Inc.,2024-11-01T09:00:00,3,0,2,internal,3,195,neutral,5,informative,308,same
InspireTech Inc.,2024-11-01T10:00:00,3,2,0,internal,1,186,neutral,20,informative,469,same
InspireTech Inc.,2024-11-01T11:00:00,3,2,1,internal,2,216,neutral,10,informative,115,same
InspireTech Inc.,2024-11-01T12:00:00,3,3,0,internal,3,359,neutral,15,informative,120,same
InspireTech Inc.,2024-11-01T13:00:00,3,0,0,internal,1,445,neutral,10,informative,478,same
InspireTech Inc.,2024-11-01T14:00:00,3,1,0,internal,1,64,neutral,10,informative,148,same
InspireTech Inc.,2024-11-01T15:00:00,3,1,1,internal,2,368,neutral,10,informative,369,same
InspireTech Inc.,2024-11-01T16:00:00,3,3,0,internal,2,135,neutral,10,informative,152,same
InspireTech Inc.,2024-11-01T17:00:00,3,3,0,internal,2,243,neutral,5,informative,438,same
InspireTech Inc.,2024-11-01T18:00:00,3,2,1,external,3,72,neutral,15,informative,291,same
InspireTech Inc.,2024-11-01T19:00:00,3,2,0,external,1,139,neutral,5,informative,261,same
InspireTech Inc.,2024-11-01T20:00:00,3,3,0,external,1,142,neutral,15,informative,413,same
InspireTech Inc.,2024-11-01T21:00:00,3,0,2,external,3,144,neutral,5,informative,356,same
InspireTech Inc.,2024-11-01T00:00:00,5,1,1,internal,4,514,neutral,10,informative,396,same
InspireTech Inc.,2024-11-01T01:00:00,5,1,1,internal,1,511,neutral,15,informative,309,same
InspireTech Inc.,2024-11-01T02:00:00,5,0,1,internal,5,319,neutral,5,informative,173,same
InspireTech Inc.,2024-11-01T03:00:00,5,3,1,internal,3,222,neutral,15,informative,423,same
InspireTech Inc.,2024-11-01T04:00:00,5,0,1,internal,1,400,neutral,20,informative,160,same
InspireTech Inc.,2024-11-01T05:00:00,5,2,1,internal,5,575,neutral,10,informative,319,same
InspireTech Inc.,2024-11-01T06:00:00,5,3,0,internal,2,538,neutral,10,informative,384,same
InspireTech Inc.,2024-11-01T07:00:00,5,2,0,internal,1,395,neutral,5,informative,263,same
InspireTech Inc.,2024-11-01T08:00:00,5,3,1,internal,3,264,neutral,20,informative,346,same
InspireTech Inc.,2024-11-01T09:00:00,5,1,1,internal,5,72,neutral,20,informative,409,same
InspireTech Inc.,2024-11-01T10:00:00,5,2,2,internal,4,590,neutral,10,informative,348,same
InspireTech Inc.,2024-11-01T11:00:00,5,3,0,internal,4,477,neutral,15,informative,348,same
InspireTech Inc.,2024-11-01T12:00:00,5,0,2,internal,4,192,neutral,15,informative,346,same
InspireTech Inc.,2024-11-01T13:00:00,5,1,1,internal,1,509,neutral,10,informative,323,same
InspireTech Inc.,2024-11-01T14:00:00,5,2,1,internal,5,589,neutral,5,informative,354,same
InspireTech Inc.,2024-11-01T15:00:00,5,3,2,internal,1,376,neutral,10,informative,450,same
InspireTech Inc.,2024-11-01T16:00:00,5,2,1,internal,3,98,neutral,20,informative,472,same
InspireTech Inc.,2024-11-01T17:00:00,5,2,0,internal,2,185,neutral,10,informative,400,same
InspireTech Inc.,2024-11-01T18:00:00,5,0,2,internal,5,195,neutral,5,informative,221,same
InspireTech Inc.,2024-11-01T19:00:00,5,2,0,internal,2,403,neutral,10,informative,283,same
InspireTech Inc.,2024-11-01T20:00:00,5,3,2,external,4,367,neutral,15,informative,185,same
InspireTech Inc.,2024-11-01T21:00:00,5,2,1,external,5,547,neutral,20,informative,176,same
InspireTech Inc.,2024-11-01T22:00:00,5,3,2,external,5,483,neutral,20,informative,109,same
InspireTech Inc.,2024-11-01T23:00:00,5,0,1,external,1,582,neutral,15,informative,271,same
InspireTech Inc.,2024-11-01T00:00:00,5,3,1,external,4,149,neutral,10,informative,214,same
InspireTech Inc.,2024-11-01T01:00:00,5,1,0,external,3,278,neutral,20,informative,484,same
InspireTech Inc.,2024-11-01T02:00:00,5,2,2,external,5,247,neutral,20,informative,417,same
InspireTech Inc.,2024-11-01T03:00:00,5,0,2,external,5,430,neutral,10,informative,434,same
InspireTech Inc.,2024-11-01T04:00:00,5,2,2,external,4,548,neutral,20,informative,336,same
InspireTech Inc.,2024-11-01T05:00:00,5,0,1,external,3,484,neutral,20,informative,367,same
InspireTech Inc.,2024-11-01T06:00:00,5,2,0,external,5,265,neutral,10,informative,191,same
InspireTech Inc.,2024-11-01T07:00:00,5,1,0,external,2,538,neutral,5,informative,262,same
InspireTech Inc.,2024-11-01T08:00:00,5,0,1,external,2,555,neutral,20,informative,193,same
InspireTech Inc.,2024-11-01T09:00:00,5,1,1,external,2,257,neutral,5,informative,469,same
InspireTech Inc.,2024-11-01T10:00:00,5,2,2,external,3,181,neutral,10,informative,357,same
InspireTech Inc.,2024-11-01T11:00:00,5,0,1,external,1,534,neutral,20,informative,274,same
InspireTech Inc.,2024-11-01T12:00:00,5,0,2,external,5,164,neutral,15,informative,221,same
InspireTech Inc.,2024-11-01T13:00:00,5,1,0,external,3,230,neutral,20,informative,303,same
InspireTech Inc.,2024-11-01T14:00:00,5,3,0,external,4,109,neutral,15,informative,426,same
InspireTech Inc.,2024-11-01T15:00:00,5,3,0,external,2,139,neutral,15,informative,432,same
InspireTech Inc.,2024-11-01T16:00:00,5,0,0,external,2,434,neutral,5,informative,206,same
InspireTech Inc.,2024-11-01T17:00:00,5,2,2,external,4,379,neutral,20,informative,220,same
InspireTech Inc.,2024-11-01T18:00:00,5,2,2,external,1,300,neutral,10,informative,337,same
InspireTech Inc.,2024-11-01T19:00:00,5,3,2,external,1,437,neutral,5,informative,114,same
InspireTech Inc.,2024-11-01T20:00:00,5,1,2,external,3,570,neutral,5,informative,321,same
InspireTech Inc.,2024-11-01T21:00:00,5,2,0,external,5,132,neutral,5,informative,449,same
InspireTech Inc.,2024-11-01T22:00:00,5,2,0,external,3,288,neutral,20,informative,235,same
InspireTech Inc.,2024-11-01T23:00:00,5,3,0,external,3,174,neutral,20,informative,413,same
InspireTech Inc.,2024-11-01T00:00:00,5,2,0,external,3,299,neutral,10,informative,428,same
InspireTech Inc.,2024-11-01T01:00:00,5,0,1,external,4,142,neutral,10,informative,359,same
InspireTech Inc.,2024-11-01T00:00:00,2,1,2,internal,2,569,neutral,10,informative,123,same
InspireTech Inc.,2024-11-01T01:00:00,2,2,2,internal,1,520,neutral,10,informative,115,same
InspireTech Inc.,2024-11-01T02:00:00,2,1,0,internal,1,160,neutral,5,informative,232,same
InspireTech Inc.,2024-11-01T03:00:00,2,3,2,internal,2,336,neutral,15,informative,452,same
InspireTech Inc.,2024-11-01T04:00:00,2,0,1,internal,1,488,neutral,10,informative,102,same
InspireTech Inc.,2024-11-01T05:00:00,2,2,2,internal,1,359,neutral,10,informative,125,same
InspireTech Inc.,2024-11-01T06:00:00,2,0,0,internal,1,505,neutral,15,informative,279,same
InspireTech Inc.,2024-11-01T07:00:00,2,1,2,internal,1,585,neutral,10,informative,163,same
InspireTech Inc.,2024-11-01T08:00:00,2,0,1,internal,2,295,neutral,20,informative,338,same
InspireTech Inc.,2024-11-01T09:00:00,2,1,2,internal,1,197,neutral,20,informative,434,same
InspireTech Inc.,2024-11-01T10:00:00,2,1,0,internal,2,111,neutral,10,informative,151,same
InspireTech Inc.,2024-11-01T11:00:00,2,2,2,internal,1,140,neutral,5,informative,476,same
InspireTech Inc.,2024-11-01T12:00:00,2,1,2,internal,2,567,neutral,15,informative,123,same
InspireTech Inc.,2024-11-01T13:00:00,2,2,2,internal,2,534,neutral,15,informative,125,same
InspireTech Inc.,2024-11-01T14:00:00,2,0,2,internal,2,397,neutral,20,informative,168,same
InspireTech Inc.,2024-11-01T15:00:00,2,1,1,internal,2,484,neutral,10,informative,499,same
InspireTech Inc.,2024-11-01T16:00:00,2,3,1,internal,2,428,neutral,15,informative,478,same
InspireTech Inc.,2024-11-01T17:00:00,2,3,0,internal,2,592,neutral,20,informative,488,same
InspireTech Inc.,2024-11-01T18:00:00,2,2,0,internal,1,584,neutral,5,informative,335,same
InspireTech Inc.,2024-11-01T19:00:00,2,3,0,internal,1,519,neutral,15,informative,210,same
InspireTech Inc.,2024-11-01T20:00:00,2,3,0,internal,2,125,neutral,5,informative,392,same
InspireTech Inc.,2024-11-01T21:00:00,2,0,0,internal,2,186,neutral,20,informative,257,same
InspireTech Inc.,2024-11-01T22:00:00,2,0,0,internal,2,163,neutral,10,informative,497,same
InspireTech Inc.,2024-11-01T23:00:00,2,3,0,internal,1,184,neutral,20,informative,356,same
InspireTech Inc.,2024-11-01T00:00:00,2,2,0,internal,1,80,neutral,20,informative,317,same
InspireTech Inc.,2024-11-01T01:00:00,2,0,1,external,1,245,neutral,20,informative,399,same
InspireTech Inc.,2024-11-01T02:00:00,2,2,1,external,2,81,neutral,10,informative,151,same
InspireTech Inc.,2024-11-01T03:00:00,2,2,1,external,2,534,neutral,20,informative,264,same
InspireTech Inc.,2024-11-01T00:00:00,2,1,1,internal,1,280,neutral,10,informative,217,same
InspireTech Inc.,2024-11-01T01:00:00,2,1,1,internal,1,438,neutral,15,informative,356,same
InspireTech Inc.,2024-11-01T02:00:00,2,1,0,internal,1,116,neutral,20,informative,102,same
InspireTech Inc.,2024-11-01T03:00:00,2,1,0,internal,2,504,neutral,15,informative,424,same
InspireTech Inc.,2024-11-01T04:00:00,2,2,0,internal,2,230,neutral,5,informative,400,same
InspireTech Inc.,2024-11-01T05:00:00,2,2,2,internal,2,342,neutral,20,informative,138,same
InspireTech Inc.,2024-11-01T06:00:00,2,2,1,internal,1,186,neutral,5,informative,338,same
InspireTech Inc.,2024-11-01T07:00:00,2,1,1,internal,1,592,neutral,15,informative,499,same
InspireTech Inc.,2024-11-01T08:00:00,2,0,0,internal,2,197,neutral,5,informative,482,same
InspireTech Inc.,2024-11-01T09:00:00,2,0,0,internal,2,179,neutral,5,informative,439,same
InspireTech Inc.,2024-11-01T10:00:00,2,0,2,internal,1,529,neutral,5,informative,108,same
InspireTech Inc.,2024-11-01T11:00:00,2,2,0,internal,1,216,neutral,5,informative,196,same
InspireTech Inc.,2024-11-01T12:00:00,2,1,1,external,2,491,neutral,10,informative,353,same
InspireTech Inc.,2024-11-01T13:00:00,2,1,1,external,2,519,neutral,5,informative,171,same
InspireTech Inc.,2024-11-01T14:00:00,2,1,0,external,2,453,neutral,20,informative,340,same
InspireTech Inc.,2024-11-02T00:00:00,3,1,0,internal,5,595,neutral,15,informative,149,same
InspireTech Inc.,2024-11-02T01:00:00,3,0,0,internal,4,403,neutral,5,informative,494,same
InspireTech Inc.,2024-11-02T02:00:00,3,2,2,internal,4,361,neutral,5,informative,144,same
InspireTech Inc.,2024-11-02T03:00:00,3,0,1,internal,5,589,neutral,10,informative,316,same
InspireTech Inc.,2024-11-02T04:00:00,3,1,1,internal,1,131,neutral,5,informative,119,same
InspireTech Inc.,2024-11-02T05:00:00,3,2,0,internal,3,210,neutral,10,informative,431,same
InspireTech Inc.,2024-11-02T06:00:00,3,2,2,internal,3,117,neutral,10,informative,136,same
InspireTech Inc.,2024-11-02T07:00:00,3,2,1,internal,5,277,neutral,15,informative,438,same
InspireTech Inc.,2024-11-02T08:00:00,3,2,2,internal,1,288,neutral,15,informative,257,same
InspireTech Inc.,2024-11-02T09:00:00,3,0,1,internal,2,99,neutral,20,informative,105,same
InspireTech Inc.,2024-11-02T10:00:00,3,3,1,internal,3,192,neutral,20,informative,460,same
InspireTech Inc.,2024-11-02T11:00:00,3,2,0,internal,3,251,neutral,10,informative,195,same
InspireTech Inc.,2024-11-02T12:00:00,3,0,2,internal,5,133,neutral,5,informative,408,same
InspireTech Inc.,2024-11-02T13:00:00,3,0,0,internal,5,310,neutral,20,informative,416,same
InspireTech Inc.,2024-11-02T14:00:00,3,0,2,internal,4,534,neutral,15,informative,389,same
InspireTech Inc.,2024-11-02T15:00:00,3,3,1,internal,4,304,neutral,5,informative,108,same
InspireTech Inc.,2024-11-02T16:00:00,3,3,1,internal,3,436,neutral,10,informative,109,same
InspireTech Inc.,2024-11-02T17:00:00,3,1,1,internal,1,440,neutral,15,informative,211,same
InspireTech Inc.,2024-11-02T18:00:00,3,0,1,internal,3,165,neutral,10,informative,368,same
InspireTech Inc.,2024-11-02T19:00:00,3,3,1,internal,2,218,neutral,15,informative,473,same
InspireTech Inc.,2024-11-02T20:00:00,3,2,2,internal,2,163,neutral,10,informative,150,same
InspireTech Inc.,2024-11-02T21:00:00,3,0,1,internal,2,500,neutral,5,informative,187,same
InspireTech Inc.,2024-11-02T22:00:00,3,3,1,internal,3,374,neutral,10,informative,436,same
InspireTech Inc.,2024-11-02T23:00:00,3,0,1,internal,4,523,neutral,15,informative,268,same
InspireTech Inc.,2024-11-02T00:00:00,3,2,2,internal,3,163,neutral,5,informative,304,same
InspireTech Inc.,2024-11-02T01:00:00,3,0,2,internal,4,518,neutral,15,informative,372,same
InspireTech Inc.,2024-11-02T02:00:00,3,0,0,internal,4,259,neutral,10,informative,191,same
InspireTech Inc.,2024-11-02T03:00:00,3,0,0,internal,5,470,neutral,5,informative,127,same
InspireTech Inc.,2024-11-02T04:00:00,3,2,1,internal,1,91,neutral,20,informative,399,same
InspireTech Inc.,2024-11-02T05:00:00,3,1,1,internal,3,431,neutral,5,informative,290,same
InspireTech Inc.,2024-11-02T06:00:00,3,2,1,internal,3,365,neutral,20,informative,186,same
InspireTech Inc.,2024-11-02T07:00:00,3,0,2,internal,1,376,neutral,20,informative,126,same
InspireTech Inc.,2024-11-02T08:00:00,3,1,0,internal,1,135,neutral,20,informative,216,same
InspireTech Inc.,2024-11-02T09:00:00,3,1,0,internal,5,262,neutral,20,informative,377,same
InspireTech Inc.,2024-11-02T10:00:00,3,0,2,internal,4,326,neutral,10,informative,339,same
InspireTech Inc.,2024-11-02T11:00:00,3,2,2,external,2,275,neutral,20,informative,384,same
InspireTech Inc.,2024-11-02T12:00:00,3,1,1,external,4,554,neutral,10,informative,311,same
InspireTech Inc.,2024-11-02T13:00:00,3,1,1,external,1,101,neutral,10,informative,204,same
InspireTech Inc.,2024-11-02T14:00:00,3,3,1,external,1,584,neutral,15,informative,443,same
InspireTech Inc.,2024-11-02T15:00:00,3,0,1,external,4,572,neutral,20,informative,190,same
InspireTech Inc.,2024-11-02T00:00:00,3,0,1,internal,1,197,neutral,15,informative,374,same
InspireTech Inc.,2024-11-02T01:00:00,3,1,2,internal,3,506,neutral,15,informative,418,same
InspireTech Inc.,2024-11-02T02:00:00,3,0,1,internal,1,107,neutral,10,informative,431,same
InspireTech Inc.,2024-11-02T03:00:00,3,3,1,internal,3,116,neutral,5,informative,393,same
InspireTech Inc.,2024-11-02T04:00:00,3,0,2,internal,1,497,neutral,10,informative,382,same
InspireTech Inc.,2024-11-02T05:00:00,3,0,0,internal,1,344,neutral,15,informative,375,same
InspireTech Inc.,2024-11-02T06:00:00,3,0,0,internal,3,353,neutral,20,informative,319,same
InspireTech Inc.,2024-11-02T07:00:00,3,0,0,internal,1,250,neutral,20,informative,378,same
InspireTech Inc.,2024-11-02T08:00:00,3,0,1,internal,2,233,neutral,10,informative,492,same
InspireTech Inc.,2024-11-02T09:00:00,3,0,1,internal,1,492,neutral,5,informative,253,same
InspireTech Inc.,2024-11-02T10:00:00,3,0,1,internal,2,593,neutral,5,informative,246,same
InspireTech Inc.,2024-11-02T11:00:00,3,3,1,internal,2,599,neutral,15,informative,180,same
InspireTech Inc.,2024-11-02T12:00:00,3,0,0,internal,1,275,neutral,20,informative,120,same
InspireTech Inc.,2024-11-02T13:00:00,3,0,0,internal,1,379,neutral,15,informative,229,same
InspireTech Inc.,2024-11-02T14:00:00,3,0,0,internal,3,134,neutral,5,informative,363,same
InspireTech Inc.,2024-11-02T15:00:00,3,0,0,internal,1,194,neutral,5,informative,315,same
InspireTech Inc.,2024-11-02T16:00:00,3,0,1,internal,2,156,neutral,15,informative,341,same
InspireTech Inc.,2024-11-02T17:00:00,3,2,0,internal,3,351,neutral,15,informative,398,same
InspireTech Inc.,2024-11-02T18:00:00,3,1,0,internal,2,468,neutral,20,informative,349,same
InspireTech Inc.,2024-11-02T19:00:00,3,1,1,internal,1,250,neutral,10,informative,252,same
InspireTech Inc.,2024-11-02T20:00:00,3,1,0,external,2,127,neutral,10,informative,176,same
InspireTech Inc.,2024-11-02T21:00:00,3,0,1,external,1,277,neutral,15,informative,308,same
InspireTech Inc.,2024-11-02T22:00:00,3,3,1,external,3,104,neutral,15,informative,155,same
InspireTech Inc.,2024-11-02T23:00:00,3,2,0,external,2,117,neutral,5,informative,141,same
InspireTech Inc.,2024-11-02T00:00:00,3,1,1,external,1,136,neutral,10,informative,378,same
InspireTech Inc.,2024-11-02T00:00:00,5,2,0,internal,4,310,neutral,10,informative,464,same
InspireTech Inc.,2024-11-02T01:00:00,5,3,1,internal,5,200,neutral,15,informative,143,same
InspireTech Inc.,2024-11-02T02:00:00,5,1,1,internal,3,574,neutral,5,informative,187,same
InspireTech Inc.,2024-11-02T03:00:00,5,3,0,internal,5,319,neutral,10,informative,465,same
InspireTech Inc.,2024-11-02T04:00:00,5,0,1,internal,2,232,neutral,15,informative,205,same
InspireTech Inc.,2024-11-02T05:00:00,5,2,0,internal,6,340,neutral,10,informative,419,same
InspireTech Inc.,2024-11-02T06:00:00,5,3,2,internal,4,126,neutral,10,informative,189,same
InspireTech Inc.,2024-11-02T07:00:00,5,2,1,internal,1,496,neutral,5,informative,101,same
InspireTech Inc.,2024-11-02T08:00:00,5,1,1,internal,6,512,neutral,10,informative,167,same
InspireTech Inc.,2024-11-02T09:00:00,5,2,1,internal,1,128,neutral,5,informative,266,same
InspireTech Inc.,2024-11-02T10:00:00,5,3,2,internal,1,571,neutral,10,informative,162,same
InspireTech Inc.,2024-11-02T11:00:00,5,2,2,internal,6,337,neutral,15,informative,275,same
InspireTech Inc.,2024-11-02T12:00:00,5,2,1,internal,5,463,neutral,10,informative,150,same
InspireTech Inc.,2024-11-02T13:00:00,5,2,2,internal,3,550,neutral,15,informative,258,same
InspireTech Inc.,2024-11-02T14:00:00,5,1,2,internal,1,277,neutral,20,informative,126,same
InspireTech Inc.,2024-11-02T15:00:00,5,3,2,internal,5,247,neutral,10,informative,186,same
InspireTech Inc.,2024-11-02T16:00:00,5,0,1,internal,6,237,neutral,10,informative,494,same
InspireTech Inc.,2024-11-02T17:00:00,5,3,2,internal,3,65,neutral,10,informative,448,same
InspireTech Inc.,2024-11-02T18:00:00,5,2,0,internal,3,384,neutral,10,informative,168,same
InspireTech Inc.,2024-11-02T19:00:00,5,3,2,internal,5,548,neutral,5,informative,292,same
InspireTech Inc.,2024-11-02T20:00:00,5,3,1,internal,5,438,neutral,5,informative,367,same
InspireTech Inc.,2024-11-02T21:00:00,5,3,1,internal,4,549,neutral,15,informative,393,same
InspireTech Inc.,2024-11-02T22:00:00,5,3,1,internal,3,206,neutral,5,informative,247,same
InspireTech Inc.,2024-11-02T23:00:00,5,0,2,internal,2,552,neutral,10,informative,198,same
InspireTech Inc.,2024-11-02T00:00:00,5,2,2,internal,5,225,neutral,5,informative,180,same
InspireTech Inc.,2024-11-02T01:00:00,5,1,1,external,1,220,neutral,10,informative,334,same
InspireTech Inc.,2024-11-02T02:00:00,5,0,0,external,3,97,neutral,20,informative,332,same
InspireTech Inc.,2024-11-02T03:00:00,5,2,1,external,4,485,neutral,15,informative,418,same
InspireTech Inc.,2024-11-02T04:00:00,5,1,0,external,3,404,neutral,20,informative,379,same
InspireTech Inc.,2024-11-02T05:00:00,5,1,1,external,4,446,neutral,20,informative,181,same
InspireTech Inc.,2024-11-02T06:00:00,5,2,2,external,2,410,neutral,20,informative,478,same
InspireTech Inc.,2024-11-02T07:00:00,5,1,2,external,5,71,neutral,15,informative,110,same
InspireTech Inc.,2024-11-02T08:00:00,5,3,1,external,3,62,neutral,15,informative,283,same
InspireTech Inc.,2024-11-02T09:00:00,5,1,2,external,5,82,neutral,5,informative,272,same
InspireTech Inc.,2024-11-02T10:00:00,5,1,2,external,5,573,neutral,5,informative,388,same
InspireTech Inc.,2024-11-02T11:00:00,5,3,2,external,5,63,neutral,10,informative,264,same
InspireTech Inc.,2024-11-02T12:00:00,5,0,1,external,4,486,neutral,10,informative,434,same
InspireTech Inc.,2024-11-02T13:00:00,5,0,2,external,5,203,neutral,15,informative,393,same
InspireTech Inc.,2024-11-02T14:00:00,5,2,0,external,3,423,neutral,15,informative,376,same
InspireTech Inc.,2024-11-02T15:00:00,5,0,0,external,6,171,neutral,10,informative,350,same
InspireTech Inc.,2024-11-02T16:00:00,5,0,2,external,3,62,neutral,10,informative,197,same
InspireTech Inc.,2024-11-02T17:00:00,5,3,1,external,2,239,neutral,10,informative,160,same
InspireTech Inc.,2024-11-02T18:00:00,5,2,1,external,2,121,neutral,20,informative,472,same
InspireTech Inc.,2024-11-02T19:00:00,5,1,2,external,5,153,neutral,5,informative,151,same
InspireTech Inc.,2024-11-02T20:00:00,5,3,1,external,2,149,neutral,20,informative,329,same
InspireTech Inc.,2024-11-02T21:00:00,5,3,2,external,1,531,neutral,10,informative,233,same
InspireTech Inc.,2024-11-02T22:00:00,5,0,1,external,3,512,neutral,5,informative,427,same
InspireTech Inc.,2024-11-02T23:00:00,5,3,0,external,2,294,neutral,5,informative,373,same
InspireTech Inc.,2024-11-02T00:00:00,5,0,2,external,4,291,neutral,5,informative,309,same
InspireTech Inc.,2024-11-02T01:00:00,5,0,1,external,2,123,neutral,5,informative,410,same
InspireTech Inc.,2024-11-02T02:00:00,5,2,0,external,2,202,neutral,5,informative,448,same
InspireTech Inc.,2024-11-02T03:00:00,5,2,0,external,5,525,neutral,10,informative,211,same
InspireTech Inc.,2024-11-02T04:00:00,5,3,1,external,2,428,neutral,15,informative,226,same
InspireTech Inc.,2024-11-02T05:00:00,5,1,2,external,5,275,neutral,20,informative,144,same
InspireTech Inc.,2024-11-02T06:00:00,5,2,0,external,6,353,neutral,15,informative,326,same
InspireTech Inc.,2024-11-02T07:00:00,5,0,1,external,2,79,neutral,5,informative,225,same
InspireTech Inc.,2024-11-02T08:00:00,5,2,0,external,1,69,neutral,20,informative,360,same
InspireTech Inc.,2024-11-02T09:00:00,5,0,2,external,1,457,neutral,15,informative,324,same
InspireTech Inc.,2024-11-02T10:00:00,5,0,2,external,4,452,neutral,20,informative,210,same
InspireTech Inc.,2024-11-02T11:00:00,5,1,1,external,4,508,neutral,10,informative,207,same
InspireTech Inc.,2024-11-02T00:00:00,3,3,1,internal,1,275,neutral,15,informative,193,same
InspireTech Inc.,2024-11-02T01:00:00,3,0,1,internal,1,186,neutral,5,informative,234,same
InspireTech Inc.,2024-11-02T02:00:00,3,1,0,internal,1,565,neutral,10,informative,491,same
InspireTech Inc.,2024-11-02T03:00:00,3,0,1,internal,2,62,neutral,20,informative,339,same
InspireTech Inc.,2024-11-02T04:00:00,3,3,0,internal,2,248,neutral,10,informative,260,same
InspireTech Inc.,2024-11-02T05:00:00,3,0,1,internal,2,360,neutral,5,informative,448,same
InspireTech Inc.,2024-11-02T06:00:00,3,3,2,internal,1,410,neutral,10,informative,309,same
InspireTech Inc.,2024-11-02T07:00:00,3,3,2,internal,2,550,neutral,15,informative,450,same
InspireTech Inc.,2024-11-02T08:00:00,3,2,0,internal,2,123,neutral,15,informative,406,same
InspireTech Inc.,2024-11-02T09:00:00,3,0,2,internal,1,523,neutral,10,informative,366,same
InspireTech Inc.,2024-11-02T10:00:00,3,3,2,internal,2,251,neutral,20,informative,445,same
InspireTech Inc.,2024-11-02T11:00:00,3,2,0,internal,1,331,neutral,10,informative,117,same
InspireTech Inc.,2024-11-02T12:00:00,3,0,0,internal,1,123,neutral,20,informative,383,same
InspireTech Inc.,2024-11-02T13:00:00,3,3,0,internal,2,96,neutral,15,informative,105,same
InspireTech Inc.,2024-11-02T14:00:00,3,3,0,internal,1,131,neutral,10,informative,368,same
InspireTech Inc.,2024-11-02T15:00:00,3,3,1,internal,1,586,neutral,20,informative,273,same
InspireTech Inc.,2024-11-02T16:00:00,3,0,0,internal,2,343,neutral,5,informative,166,same
InspireTech Inc.,2024-11-02T17:00:00,3,1,2,internal,2,73,neutral,10,informative,249,same
InspireTech Inc.,2024-11-02T18:00:00,3,3,2,internal,2,148,neutral,15,informative,185,same
InspireTech Inc.,2024-11-02T19:00:00,3,2,0,internal,1,393,neutral,15,informative,110,same
InspireTech Inc.,2024-11-02T20:00:00,3,3,2,internal,2,239,neutral,10,informative,109,same
InspireTech Inc.,2024-11-02T21:00:00,3,0,1,internal,2,204,neutral,15,informative,265,same
InspireTech Inc.,2024-11-02T22:00:00,3,1,1,internal,1,267,neutral,5,informative,188,same
InspireTech Inc.,2024-11-02T23:00:00,3,3,0,internal,1,206,neutral,15,informative,156,same
InspireTech Inc.,2024-11-02T00:00:00,3,3,1,internal,2,497,neutral,10,informative,346,same
InspireTech Inc.,2024-11-02T01:00:00,3,0,1,internal,2,488,neutral,10,informative,440,same
InspireTech Inc.,2024-11-02T02:00:00,3,3,0,internal,2,151,neutral,20,informative,251,same
InspireTech Inc.,2024-11-02T03:00:00,3,2,2,internal,2,65,neutral,10,informative,339,same
InspireTech Inc.,2024-11-02T04:00:00,3,3,1,external,1,593,neutral,20,informative,234,same
InspireTech Inc.,2024-11-02T05:00:00,3,3,0,external,1,251,neutral,10,informative,127,same
InspireTech Inc.,2024-11-02T00:00:00,2,0,1,internal,2,334,neutral,15,informative,434,same
InspireTech Inc.,2024-11-02T01:00:00,2,0,1,internal,3,262,neutral,5,informative,269,same
InspireTech Inc.,2024-11-02T02:00:00,2,3,2,internal,1,139,neutral,5,informative,258,same
InspireTech Inc.,2024-11-02T03:00:00,2,0,2,internal,2,447,neutral,15,informative,375,same
InspireTech Inc.,2024-11-02T04:00:00,2,2,1,internal,2,122,neutral,10,informative,227,same
InspireTech Inc.,2024-11-02T05:00:00,2,0,0,internal,1,231,neutral,15,informative,284,same
InspireTech Inc.,2024-11-02T06:00:00,2,3,0,internal,3,550,neutral,15,informative,435,same
InspireTech Inc.,2024-11-02T07:00:00,2,0,2,internal,2,470,neutral,15,informative,118,same
InspireTech Inc.,2024-11-02T08:00:00,2,0,1,internal,1,472,neutral,10,informative,331,same
InspireTech Inc.,2024-11-02T09:00:00,2,1,2,internal,3,316,neutral,5,informative,156,same
InspireTech Inc.,2024-11-02T10:00:00,2,3,0,internal,1,522,neutral,5,informative,353,same
InspireTech Inc.,2024-11-02T11:00:00,2,0,0,internal,2,393,neutral,20,informative,334,same
InspireTech Inc.,2024-11-02T12:00:00,2,3,2,internal,2,148,neutral,5,informative,252,same
InspireTech Inc.,2024-11-02T13:00:00,2,0,0,internal,2,462,neutral,15,informative,319,same
InspireTech Inc.,2024-11-02T14:00:00,2,2,0,internal,3,552,neutral,20,informative,276,same
InspireTech Inc.,2024-11-02T15:00:00,2,0,2,external,1,313,neutral,20,informative,226,same
InspireTech Inc.,2024-11-02T16:00:00,2,1,1,external,2,578,neutral,20,informative,242,same
InspireTech Inc.,2024-11-02T17:00:00,2,3,1,external,3,515,neutral,15,informative,315,same
InspireTech Inc.,2024-11-03T00:00:00,4,1,2,internal,2,81,neutral,10,informative,161,same
InspireTech Inc.,2024-11-03T01:00:00,4,1,1,internal,4,266,neutral,10,informative,187,same
InspireTech Inc.,2024-11-03T02:00:00,4,0,0,internal,3,82,neutral,5,informative,368,same
InspireTech Inc.,2024-11-03T03:00:00,4,0,2,internal,1,164,neutral,10,informative,144,same
InspireTech Inc.,2024-11-03T04:00:00,4,3,1,internal,2,396,neutral,15,informative,317,same
InspireTech Inc.,2024-11-03T05:00:00,4,0,2,internal,1,595,neutral,5,informative,172,same
InspireTech Inc.,2024-11-03T06:00:00,4,0,2,internal,4,279,neutral,20,informative,219,same
InspireTech Inc.,2024-11-03T07:00:00,4,2,2,internal,4,150,neutral,20,informative,342,same
InspireTech Inc.,2024-11-03T08:00:00,4,3,2,internal,3,584,neutral,10,informative,172,same
InspireTech Inc.,2024-11-03T09:00:00,4,3,1,internal,2,526,neutral,10,informative,330,same
InspireTech Inc.,2024-11-03T10:00:00,4,1,0,internal,1,423,neutral,15,informative,373,same
InspireTech Inc.,2024-11-03T11:00:00,4,2,2,internal,2,92,neutral,20,informative,241,same
InspireTech Inc.,2024-11-03T12:00:00,4,3,1,internal,2,320,neutral,5,informative,107,same
InspireTech Inc.,2024-11-03T13:00:00,4,2,1,internal,3,492,neutral,5,informative,193,same
InspireTech Inc.,2024-11-03T14:00:00,4,3,1,internal,3,225,neutral,5,informative,478,same
InspireTech Inc.,2024-11-03T15:00:00,4,2,1,internal,2,565,neutral,10,informative,404,same
InspireTech Inc.,2024-11-03T16:00:00,4,0,2,internal,3,418,neutral,15,informative,331,same
InspireTech Inc.,2024-11-03T17:00:00,4,1,1,internal,1,540,neutral,20,informative,298,same
InspireTech Inc.,2024-11-03T18:00:00,4,3,2,internal,3,468,neutral,10,informative,144,same
InspireTech Inc.,2024-11-03T19:00:00,4,3,0,internal,3,599,neutral,15,informative,239,same
InspireTech Inc.,2024-11-03T20:00:00,4,1,0,internal,2,258,neutral,15,informative,104,same
InspireTech Inc.,2024-11-03T21:00:00,4,2,2,internal,3,187,neutral,10,informative,139,same
InspireTech Inc.,2024-11-03T22:00:00,4,1,0,internal,1,105,neutral,15,informative,439,same
InspireTech Inc.,2024-11-03T23:00:00,4,1,2,internal,3,122,neutral,5,informative,479,same
InspireTech Inc.,2024-11-03T00:00:00,4,2,1,internal,1,144,neutral,10,informative,491,same
InspireTech Inc.,2024-11-03T01:00:00,4,3,1,internal,1,325,neutral,20,informative,381,same
InspireTech Inc.,2024-11-03T02:00:00,4,1,0,internal,2,326,neutral,15,informative,297,same
InspireTech Inc.,2024-11-03T03:00:00,4,0,0,internal,2,330,neutral,5,informative,338,same
InspireTech Inc.,2024-11-03T04:00:00,4,3,0,external,4,501,neutral,15,informative,378,same
InspireTech Inc.,2024-11-03T05:00:00,4,2,1,external,2,97,neutral,20,informative,259,same
InspireTech Inc.,2024-11-03T06:00:00,4,0,0,external,2,481,neutral,20,informative,278,same
InspireTech Inc.,2024-11-03T07:00:00,4,2,0,external,4,381,neutral,5,informative,451,same
InspireTech Inc.,2024-11-03T00:00:00,3,1,0,internal,1,510,neutral,5,informative,358,same
InspireTech Inc.,2024-11-03T01:00:00,3,2,1,internal,1,408,neutral,10,informative,459,same
InspireTech Inc.,2024-11-03T02:00:00,3,2,0,internal,3,223,neutral,20,informative,116,same
InspireTech Inc.,2024-11-03T03:00:00,3,3,2,internal,2,291,neutral,20,informative,404,same
InspireTech Inc.,2024-11-03T04:00:00,3,1,2,internal,1,191,neutral,20,informative,452,same
InspireTech Inc.,2024-11-03T05:00:00,3,0,0,internal,2,128,neutral,5,informative,450,same
InspireTech Inc.,2024-11-03T06:00:00,3,1,1,internal,1,201,neutral,10,informative,170,same
InspireTech Inc.,2024-11-03T07:00:00,3,1,2,internal,2,547,neutral,20,informative,451,same
InspireTech Inc.,2024-11-03T08:00:00,3,3,1,internal,1,421,neutral,5,informative,323,same
InspireTech Inc.,2024-11-03T09:00:00,3,1,2,internal,2,307,neutral,20,informative,377,same
InspireTech Inc.,2024-11-03T10:00:00,3,0,0,internal,2,337,neutral,10,informative,460,same
InspireTech Inc.,2024-11-03T11:00:00,3,0,2,internal,3,305,neutral,10,informative,454,same
InspireTech Inc.,2024-11-03T12:00:00,3,2,2,internal,2,91,neutral,10,informative,168,same
InspireTech Inc.,2024-11-03T13:00:00,3,1,1,internal,2,352,neutral,15,informative,130,same
InspireTech Inc.,2024-11-03T14:00:00,3,0,1,internal,3,470,neutral,15,informative,172,same
InspireTech Inc.,2024-11-03T15:00:00,3,3,0,external,2,566,neutral,20,informative,256,same
InspireTech Inc.,2024-11-03T16:00:00,3,1,2,external,3,197,neutral,20,informative,167,same
InspireTech Inc.,2024-11-03T17:00:00,3,3,0,external,3,327,neutral,10,informative,147,same
InspireTech Inc.,2024-11-03T18:00:00,3,2,1,external,1,349,neutral,10,informative,368,same
InspireTech Inc.,2024-11-03T19:00:00,3,3,1,external,2,92,neutral,15,informative,396,same
InspireTech Inc.,2024-11-03T00:00:00,5,0,1,internal,4,576,neutral,15,informative,312,same
InspireTech Inc.,2024-11-03T01:00:00,5,3,0,internal,1,538,neutral,15,informative,113,same
InspireTech Inc.,2024-11-03T02:00:00,5,3,1,internal,3,106,neutral,5,informative,162,same
InspireTech Inc.,2024-11-03T03:00:00,5,3,0,internal,1,256,neutral,10,informative,401,same
InspireTech Inc.,2024-11-03T04:00:00,5,3,1,internal,4,273,neutral,15,informative,258,same
InspireTech Inc.,2024-11-03T05:00:00,5,0,2,internal,2,455,neutral,15,informative,259,same
InspireTech Inc.,2024-11-03T06:00:00,5,1,2,internal,4,141,neutral,5,informative,110,same
InspireTech Inc.,2024-11-03T07:00:00,5,0,1,internal,4,99,neutral,10,informative,405,same
InspireTech Inc.,2024-11-03T08:00:00,5,2,1,internal,3,292,neutral,5,informative,103,same
InspireTech Inc.,2024-11-03T09:00:00,5,3,1,internal,5,143,neutral,5,informative,288,same
InspireTech Inc.,2024-11-03T10:00:00,5,3,1,internal,2,561,neutral,10,informative,368,same
InspireTech Inc.,2024-11-03T11:00:00,5,0,1,internal,3,71,neutral,20,informative,406,same
InspireTech Inc.,2024-11-03T12:00:00,5,2,2,internal,1,388,neutral,20,informative,459,same
InspireTech Inc.,2024-11-03T13:00:00,5,3,2,internal,3,192,neutral,5,informative,124,same
InspireTech Inc.,2024-11-03T14:00:00,5,2,0,internal,2,337,neutral,20,informative,253,same
InspireTech Inc.,2024-11-03T15:00:00,5,2,2,internal,5,102,neutral,15,informative,466,same
InspireTech Inc.,2024-11-03T16:00:00,5,3,0,internal,3,219,neutral,5,informative,307,same
InspireTech Inc.,2024-11-03T17:00:00,5,0,0,internal,4,330,neutral,5,informative,121,same
InspireTech Inc.,2024-11-03T18:00:00,5,2,1,internal,2,184,neutral,10,informative,356,same
InspireTech Inc.,2024-11-03T19:00:00,5,3,2,internal,2,340,neutral,20,informative,461,same
InspireTech Inc.,2024-11-03T20:00:00,5,2,0,internal,3,299,neutral,10,informative,424,same
InspireTech Inc.,2024-11-03T21:00:00,5,1,1,internal,1,547,neutral,15,informative,152,same
InspireTech Inc.,2024-11-03T22:00:00,5,2,1,external,2,454,neutral,10,informative,135,same
InspireTech Inc.,2024-11-03T23:00:00,5,1,1,external,1,65,neutral,10,informative,235,same
InspireTech Inc.,2024-11-03T00:00:00,5,0,2,external,2,236,neutral,10,informative,174,same
InspireTech Inc.,2024-11-03T01:00:00,5,2,2,external,2,513,neutral,20,informative,467,same
InspireTech Inc.,2024-11-03T02:00:00,5,2,2,external,2,285,neutral,5,informative,151,same
InspireTech Inc.,2024-11-03T03:00:00,5,2,2,external,4,420,neutral,15,informative,351,same
InspireTech Inc.,2024-11-03T04:00:00,5,3,2,external,1,329,neutral,15,informative,224,same
InspireTech Inc.,2024-11-03T05:00:00,5,0,0,external,3,355,neutral,15,informative,282,same
InspireTech Inc.,2024-11-03T06:00:00,5,0,2,external,4,582,neutral,5,informative,249,same
InspireTech Inc.,2024-11-03T07:00:00,5,1,0,external,4,576,neutral,15,informative,153,same
InspireTech Inc.,2024-11-03T08:00:00,5,2,0,external,4,132,neutral,10,informative,307,same
InspireTech Inc.,2024-11-03T09:00:00,5,3,2,external,5,402,neutral,20,informative,250,same
InspireTech Inc.,2024-11-03T10:00:00,5,2,2,external,4,98,neutral,20,informative,276,same
InspireTech Inc.,2024-11-03T11:00:00,5,0,0,external,4,414,neutral,10,informative,497,same
InspireTech Inc.,2024-11-03T12:00:00,5,1,2,external,1,290,neutral,15,informative,447,same
InspireTech Inc.,2024-11-03T13:00:00,5,0,0,external,1,441,neutral,5,informative,151,same
InspireTech Inc.,2024-11-03T14:00:00,5,2,1,external,3,365,neutral,5,informative,173,same
InspireTech Inc.,2024-11-03T15:00:00,5,2,0,external,1,439,neutral,5,informative,449,same
InspireTech Inc.,2024-11-03T16:00:00,5,3,2,external,4,370,neutral,10,informative,475,same
InspireTech Inc.,2024-11-03T17:00:00,5,0,0,external,5,386,neutral,10,informative,401,same
InspireTech Inc.,2024-11-03T18:00:00,5,0,2,external,1,84,neutral,15,informative,190,same
InspireTech Inc.,2024-11-03T19:00:00,5,0,0,external,2,524,neutral,20,informative,456,same
InspireTech Inc.,2024-11-03T20:00:00,5,1,2,external,1,432,neutral,10,informative,321,same
InspireTech Inc.,2024-11-03T21:00:00,5,2,2,external,3,560,neutral,10,informative,294,same
InspireTech Inc.,2024-11-03T22:00:00,5,1,2,external,1,277,neutral,15,informative,291,same
InspireTech Inc.,2024-11-03T23:00:00,5,3,1,external,2,385,neutral,5,informative,423,same
InspireTech Inc.,2024-11-03T00:00:00,5,2,1,external,1,281,neutral,20,informative,455,same
InspireTech Inc.,2024-11-03T01:00:00,5,3,0,external,2,471,neutral,5,informative,314,same
InspireTech Inc.,2024-11-03T02:00:00,5,3,2,external,3,364,neutral,10,informative,288,same
InspireTech Inc.,2024-11-03T03:00:00,5,0,2,external,3,210,neutral,15,informative,121,same
InspireTech Inc.,2024-11-03T04:00:00,5,1,0,external,1,412,neutral,10,informative,104,same
InspireTech Inc.,2024-11-03T05:00:00,5,2,0,external,3,69,neutral,15,informative,234,same
InspireTech Inc.,2024-11-03T06:00:00,5,2,2,external,1,318,neutral,20,informative,388,same
InspireTech Inc.,2024-11-03T00:00:00,2,0,1,internal,1,417,neutral,15,informative,339,same
InspireTech Inc.,2024-11-03T01:00:00,2,1,1,internal,2,160,neutral,5,informative,327,same
InspireTech Inc.,2024-11-03T02:00:00,2,0,0,internal,2,527,neutral,20,informative,454,same
InspireTech Inc.,2024-11-03T03:00:00,2,3,2,internal,3,394,neutral,10,informative,324,same
InspireTech Inc.,2024-11-03T04:00:00,2,2,0,internal,2,223,neutral,10,informative,263,same
InspireTech Inc.,2024-11-03T05:00:00,2,3,2,internal,2,119,neutral,10,informative,173,same
InspireTech Inc.,2024-11-03T06:00:00,2,0,0,internal,2,309,neutral,5,informative,439,same
InspireTech Inc.,2024-11-03T07:00:00,2,1,0,internal,1,467,neutral,10,informative,210,same
InspireTech Inc.,2024-11-03T08:00:00,2,1,2,internal,2,453,neutral,5,informative,446,same
InspireTech Inc.,2024-11-03T09:00:00,2,3,0,internal,1,96,neutral,15,informative,130,same
InspireTech Inc.,2024-11-03T10:00:00,2,3,0,internal,1,149,neutral,15,informative,233,same
InspireTech Inc.,2024-11-03T11:00:00,2,0,0,internal,3,92,neutral,5,informative,285,same
InspireTech Inc.,2024-11-03T12:00:00,2,0,2,internal,1,403,neutral,15,informative,256,same
InspireTech Inc.,2024-11-03T13:00:00,2,0,1,internal,2,405,neutral,5,informative,217,same
InspireTech Inc.,2024-11-03T14:00:00,2,1,0,internal,2,164,neutral,15,informative,414,same
InspireTech Inc.,2024-11-03T15:00:00,2,1,1,internal,3,447,neutral,20,informative,105,same
InspireTech Inc.,2024-11-03T16:00:00,2,3,1,internal,3,387,neutral,20,informative,290,same
InspireTech Inc.,2024-11-03T17:00:00,2,3,1,internal,2,368,neutral,5,informative,375,same
InspireTech Inc.,2024-11-03T18:00:00,2,0,0,internal,3,110,neutral,15,informative,375,same
InspireTech Inc.,2024-11-03T19:00:00,2,1,0,internal,3,570,neutral,15,informative,388,same
InspireTech Inc.,2024-11-03T20:00:00,2,0,2,internal,2,597,neutral,5,informative,261,same
InspireTech Inc.,2024-11-03T21:00:00,2,2,0,internal,1,530,neutral,15,informative,110,same
InspireTech Inc.,2024-11-03T22:00:00,2,3,2,internal,1,157,neutral,15,informative,376,same
InspireTech Inc.,2024-11-03T23:00:00,2,1,1,external,2,100,neutral,10,informative,146,same
InspireTech Inc.,2024-11-03T00:00:00,2,1,0,external,2,475,neutral,10,informative,103,same
